Item_Identifier,Outlet_Identifier,Item_Outlet_Sales
FDW58,OUT049,0
FDW14,OUT017,0
NCN55,OUT010,0
FDQ58,OUT017,0
FDY38,OUT027,0
FDH56,OUT046,0
FDL48,OUT018,0
FDC48,OUT027,0
FDN33,OUT045,0
FDA36,OUT017,0
FDT44,OUT017,0
FDQ56,OUT045,0
NCC54,OUT019,0
FDU11,OUT049,0
DRL59,OUT013,0
FDM24,OUT049,0
FDI57,OUT045,0
DRC12,OUT018,0
NCM42,OUT027,0
FDA46,OUT010,0
FDA31,OUT013,0
NCJ31,OUT035,0
FDG52,OUT046,0
NCL19,OUT019,0
FDS10,OUT035,0
FDX22,OUT010,0
NCF19,OUT035,0
NCE06,OUT046,0
DRC27,OUT046,0
FDE21,OUT035,0
NCR42,OUT019,0
FDX51,OUT018,0
NCR06,OUT018,0
FDU31,OUT027,0
FDU59,OUT017,0
FDR03,OUT027,0
FDS49,OUT027,0
FDD48,OUT010,0
NCF18,OUT017,0
NCD43,OUT027,0
NCD54,OUT018,0
FDY19,OUT010,0
NCY54,OUT017,0
NCL19,OUT018,0
FDP23,OUT010,0
FDC26,OUT013,0
FDR14,OUT010,0
NCS41,OUT035,0
FDF41,OUT035,0
FDU34,OUT046,0
DRH11,OUT046,0
FDM03,OUT013,0
FDS31,OUT017,0
FDJ20,OUT017,0
FDV44,OUT027,0
FDG02,OUT049,0
FDA09,OUT013,0
FDT04,OUT013,0
FDL58,OUT019,0
FDE52,OUT045,0
FDW12,OUT035,0
FDL51,OUT017,0
NCY42,OUT027,0
FDR07,OUT017,0
FDN40,OUT045,0
FDB35,OUT027,0
FDA22,OUT017,0
NCL06,OUT046,0
FDI35,OUT013,0
NCW42,OUT045,0
NCX06,OUT049,0
FDC37,OUT027,0
FDZ14,OUT018,0
DRG49,OUT049,0
NCG06,OUT045,0
DRC36,OUT045,0
FDV21,OUT019,0
FDB53,OUT046,0
DRP47,OUT019,0
FDA14,OUT013,0
DRC24,OUT035,0
FDW21,OUT018,0
NCH29,OUT046,0
FDU58,OUT013,0
FDY27,OUT017,0
FDV56,OUT035,0
FDT59,OUT046,0
FDB23,OUT046,0
FDR49,OUT045,0
FDB03,OUT010,0
FDN39,OUT045,0
FDX02,OUT027,0
FDQ16,OUT027,0
FDU35,OUT018,0
NCT29,OUT013,0
FDZ27,OUT046,0
FDN57,OUT017,0
FDA03,OUT018,0
FDZ36,OUT045,0
NCU05,OUT013,0
FDT39,OUT018,0
FDK60,OUT017,0
FDZ25,OUT017,0
FDG12,OUT046,0
DRB01,OUT019,0
NCC43,OUT027,0
FDX13,OUT019,0
FDM22,OUT049,0
FDJ03,OUT027,0
FDU14,OUT018,0
FDB33,OUT010,0
FDP27,OUT046,0
FDO38,OUT010,0
FDE28,OUT027,0
FDO27,OUT035,0
DRL23,OUT027,0
FDS28,OUT046,0
FDX24,OUT013,0
FDZ02,OUT035,0
FDL46,OUT045,0
FDS60,OUT027,0
NCO06,OUT017,0
FDO16,OUT035,0
FDC60,OUT049,0
FDA48,OUT018,0
FDZ36,OUT027,0
FDK27,OUT045,0
FDW23,OUT018,0
FDM14,OUT018,0
FDM14,OUT013,0
FDW60,OUT018,0
FDE21,OUT013,0
NCM42,OUT035,0
FDY59,OUT010,0
DRI49,OUT049,0
FDT28,OUT019,0
FDQ22,OUT018,0
FDR60,OUT049,0
FDC50,OUT019,0
FDV24,OUT013,0
DRF48,OUT010,0
FDQ47,OUT046,0
DRN36,OUT049,0
NCY06,OUT035,0
FDE52,OUT035,0
NCB54,OUT045,0
NCF31,OUT035,0
FDJ08,OUT027,0
NCC07,OUT017,0
NCD19,OUT027,0
FDL46,OUT049,0
FDM20,OUT045,0
NCI06,OUT010,0
DRM11,OUT035,0
NCH07,OUT018,0
FDS23,OUT013,0
FDO49,OUT018,0
FDS35,OUT049,0
DRK39,OUT045,0
DRI39,OUT049,0
FDV04,OUT017,0
NCN14,OUT035,0
FDH08,OUT013,0
FDS20,OUT046,0
FDV40,OUT049,0
FDZ48,OUT010,0
FDS24,OUT027,0
FDK44,OUT049,0
FDS48,OUT045,0
FDK26,OUT010,0
FDD23,OUT045,0
NCH54,OUT017,0
NCP14,OUT010,0
FDM60,OUT010,0
FDV24,OUT017,0
FDH08,OUT018,0
FDS12,OUT027,0
FDR39,OUT027,0
FDP12,OUT027,0
DRF60,OUT027,0
FDC09,OUT035,0
FDF50,OUT018,0
FDG28,OUT035,0
NCE19,OUT017,0
NCM53,OUT010,0
NCN18,OUT049,0
FDF32,OUT035,0
FDF11,OUT013,0
DRI59,OUT049,0
NCG54,OUT035,0
FDM44,OUT046,0
FDT57,OUT018,0
FDV24,OUT046,0
FDI50,OUT019,0
FDS09,OUT035,0
NCC31,OUT027,0
FDQ07,OUT019,0
FDC22,OUT017,0
FDZ56,OUT046,0
FDZ40,OUT019,0
FDS46,OUT027,0
DRD24,OUT045,0
FDV45,OUT017,0
FDL26,OUT045,0
FDA56,OUT018,0
FDN27,OUT046,0
FDM20,OUT049,0
FDO16,OUT017,0
FDL03,OUT035,0
FDE58,OUT046,0
FDI02,OUT027,0
NCC55,OUT019,0
FDR03,OUT018,0
FDB14,OUT017,0
FDR45,OUT013,0
NCN07,OUT017,0
FDM51,OUT019,0
FDT52,OUT027,0
FDL26,OUT046,0
NCZ42,OUT046,0
DRI47,OUT019,0
FDW40,OUT013,0
FDN34,OUT046,0
FDS01,OUT035,0
NCG55,OUT045,0
FDC11,OUT035,0
FDX35,OUT018,0
NCB06,OUT046,0
FDR09,OUT019,0
FDC53,OUT017,0
FDY45,OUT013,0
FDA22,OUT010,0
FDE02,OUT035,0
FDW21,OUT045,0
FDV34,OUT046,0
FDS59,OUT049,0
NCW17,OUT017,0
NCK54,OUT046,0
FDG17,OUT019,0
FDG35,OUT017,0
FDD08,OUT010,0
NCO07,OUT017,0
FDJ10,OUT010,0
FDW36,OUT017,0
FDW21,OUT010,0
FDY19,OUT017,0
DRE03,OUT013,0
NCC55,OUT049,0
FDH52,OUT010,0
FDO09,OUT017,0
FDU43,OUT045,0
FDX09,OUT010,0
FDH40,OUT019,0
FDW58,OUT017,0
FDC47,OUT017,0
NCR41,OUT035,0
DRG49,OUT035,0
FDC52,OUT027,0
FDY13,OUT046,0
FDY35,OUT013,0
FDI35,OUT017,0
NCU18,OUT049,0
FDY33,OUT018,0
FDC15,OUT027,0
FDU01,OUT049,0
NCU42,OUT046,0
NCV29,OUT018,0
NCY30,OUT017,0
FDQ46,OUT049,0
FDG58,OUT027,0
FDK33,OUT017,0
NCD07,OUT045,0
NCX29,OUT027,0
NCT42,OUT013,0
DRN59,OUT035,0
FDI44,OUT035,0
FDA45,OUT049,0
FDP31,OUT045,0
FDY01,OUT046,0
FDT09,OUT018,0
DRH03,OUT027,0
FDA36,OUT018,0
NCF31,OUT017,0
FDG14,OUT049,0
FDG28,OUT027,0
FDU14,OUT049,0
FDY47,OUT019,0
FDI56,OUT049,0
DRD01,OUT013,0
FDM22,OUT046,0
FDH33,OUT013,0
DRZ24,OUT013,0
NCQ38,OUT046,0
FDO16,OUT027,0
FDU07,OUT027,0
NCB07,OUT013,0
FDU48,OUT045,0
NCM43,OUT045,0
FDR31,OUT010,0
DRK49,OUT018,0
NCI30,OUT010,0
DRD60,OUT017,0
NCG19,OUT046,0
FDH12,OUT035,0
FDM32,OUT035,0
FDM27,OUT035,0
NCU53,OUT027,0
NCQ18,OUT046,0
FDS10,OUT013,0
FDB33,OUT027,0
FDI12,OUT013,0
NCW42,OUT013,0
NCC06,OUT018,0
FDW02,OUT017,0
NCD43,OUT017,0
FDM57,OUT018,0
FDA58,OUT017,0
FDK56,OUT046,0
FDP52,OUT045,0
FDW20,OUT018,0
FDS52,OUT049,0
NCT29,OUT018,0
NCL54,OUT013,0
FDC05,OUT045,0
FDF34,OUT035,0
FDP03,OUT027,0
FDD32,OUT010,0
FDZ10,OUT045,0
FDZ40,OUT035,0
FDD51,OUT018,0
NCY30,OUT019,0
FDP58,OUT017,0
FDV49,OUT017,0
FDY24,OUT019,0
NCO55,OUT017,0
FDR13,OUT017,0
FDS51,OUT017,0
FDP26,OUT045,0
NCB54,OUT027,0
FDF32,OUT017,0
FDN31,OUT018,0
DRM48,OUT017,0
FDN20,OUT049,0
DRL01,OUT046,0
FDV56,OUT049,0
DRH13,OUT027,0
FDA03,OUT017,0
FDF47,OUT027,0
FDX32,OUT046,0
FDX57,OUT049,0
NCA30,OUT045,0
FDO49,OUT013,0
FDL04,OUT019,0
DRM48,OUT035,0
FDR16,OUT013,0
NCC19,OUT018,0
NCE42,OUT045,0
FDY24,OUT017,0
FDH19,OUT049,0
FDJ46,OUT013,0
FDN45,OUT010,0
FDY08,OUT035,0
FDZ37,OUT035,0
NCT30,OUT045,0
DRY23,OUT018,0
NCZ30,OUT018,0
FDC44,OUT018,0
FDB45,OUT035,0
FDY04,OUT013,0
FDM27,OUT046,0
FDZ43,OUT017,0
FDT39,OUT019,0
NCC06,OUT019,0
FDL15,OUT027,0
FDL57,OUT017,0
FDU08,OUT046,0
FDK40,OUT017,0
FDQ12,OUT010,0
FDS48,OUT017,0
FDP09,OUT045,0
FDW21,OUT049,0
FDY25,OUT035,0
DRE13,OUT017,0
FDV43,OUT019,0
FDD22,OUT045,0
FDM46,OUT019,0
NCO30,OUT010,0
FDM25,OUT046,0
NCN41,OUT049,0
FDU24,OUT045,0
FDZ50,OUT046,0
FDP45,OUT013,0
NCM54,OUT045,0
FDW10,OUT019,0
FDP20,OUT017,0
FDK32,OUT046,0
FDN52,OUT049,0
FDM58,OUT045,0
FDZ46,OUT027,0
NCA18,OUT018,0
FDD35,OUT046,0
NCK31,OUT035,0
FDI40,OUT027,0
FDT50,OUT019,0
NCT06,OUT046,0
FDT31,OUT035,0
FDT45,OUT049,0
FDT13,OUT045,0
FDO50,OUT045,0
NCU18,OUT010,0
NCR54,OUT049,0
NCO18,OUT018,0
FDU09,OUT045,0
FDT13,OUT018,0
FDE09,OUT046,0
NCK53,OUT019,0
FDG45,OUT049,0
DRH15,OUT035,0
FDO21,OUT019,0
FDD14,OUT027,0
FDC09,OUT046,0
FDH45,OUT027,0
FDV32,OUT046,0
FDG12,OUT035,0
FDS32,OUT013,0
NCL55,OUT018,0
DRE01,OUT035,0
DRE15,OUT049,0
NCL42,OUT045,0
FDP31,OUT013,0
FDN33,OUT018,0
FDZ59,OUT046,0
FDE45,OUT010,0
FDJ07,OUT013,0
FDQ45,OUT018,0
FDM33,OUT027,0
FDO15,OUT010,0
FDM46,OUT013,0
FDR03,OUT045,0
FDY49,OUT018,0
FDQ60,OUT045,0
FDW10,OUT049,0
FDO51,OUT049,0
FDJ40,OUT018,0
FDS20,OUT018,0
FDU45,OUT013,0
FDV02,OUT035,0
FDN09,OUT046,0
NCM55,OUT027,0
FDN23,OUT018,0
FDY31,OUT010,0
FDW03,OUT010,0
FDD14,OUT046,0
FDV23,OUT017,0
DRI03,OUT045,0
FDN13,OUT035,0
FDF45,OUT027,0
FDU46,OUT035,0
FDB57,OUT049,0
FDV12,OUT049,0
FDQ58,OUT013,0
NCA18,OUT017,0
FDH52,OUT049,0
FDM24,OUT018,0
NCP43,OUT027,0
NCO18,OUT019,0
FDM32,OUT017,0
NCL07,OUT017,0
FDK03,OUT013,0
FDP59,OUT017,0
FDQ24,OUT049,0
FDQ16,OUT018,0
FDU44,OUT013,0
FDH28,OUT010,0
FDV28,OUT019,0
FDM22,OUT045,0
FDR56,OUT046,0
FDV39,OUT049,0
FDU37,OUT019,0
FDQ11,OUT010,0
FDX02,OUT045,0
NCS42,OUT018,0
FDY57,OUT027,0
FDB21,OUT049,0
FDE28,OUT017,0
FDQ55,OUT017,0
FDA48,OUT049,0
FDZ19,OUT045,0
NCC43,OUT045,0
NCV18,OUT046,0
NCA42,OUT018,0
FDY45,OUT046,0
NCC30,OUT045,0
FDM57,OUT013,0
FDL09,OUT010,0
FDB09,OUT027,0
FDT44,OUT035,0
NCT06,OUT027,0
FDX26,OUT049,0
FDK32,OUT013,0
DRA12,OUT046,0
FDO46,OUT010,0
FDE52,OUT013,0
NCH42,OUT045,0
FDV08,OUT035,0
FDB47,OUT018,0
FDC28,OUT010,0
FDD22,OUT046,0
FDS07,OUT027,0
DRI13,OUT045,0
FDG32,OUT018,0
FDU14,OUT017,0
FDD28,OUT019,0
NCP41,OUT017,0
FDS08,OUT049,0
FDX47,OUT045,0
FDC53,OUT019,0
FDQ19,OUT035,0
FDL14,OUT045,0
FDM33,OUT019,0
FDA51,OUT045,0
FDZ27,OUT018,0
FDT04,OUT046,0
DRC13,OUT049,0
FDR16,OUT027,0
FDQ03,OUT027,0
FDE38,OUT035,0
DRH23,OUT027,0
FDT11,OUT019,0
FDD09,OUT035,0
FDR40,OUT045,0
FDX07,OUT017,0
FDR07,OUT035,0
FDA51,OUT017,0
FDT59,OUT019,0
FDF20,OUT017,0
FDR13,OUT045,0
FDY26,OUT049,0
FDW04,OUT017,0
FDK52,OUT017,0
FDN60,OUT049,0
FDM09,OUT019,0
FDP46,OUT049,0
FDB50,OUT019,0
NCQ29,OUT049,0
FDP16,OUT027,0
FDX33,OUT018,0
FDP07,OUT010,0
FDN22,OUT046,0
FDF39,OUT049,0
FDS21,OUT017,0
NCM42,OUT013,0
FDK50,OUT019,0
DRF13,OUT027,0
FDH35,OUT018,0
FDP60,OUT018,0
DRJ49,OUT027,0
NCT42,OUT019,0
FDE38,OUT049,0
FDI04,OUT049,0
NCH54,OUT045,0
FDT56,OUT049,0
DRD15,OUT018,0
FDV58,OUT013,0
FDP21,OUT049,0
FDH05,OUT013,0
FDR10,OUT027,0
NCP06,OUT045,0
FDF33,OUT049,0
DRK37,OUT013,0
DRH49,OUT045,0
FDT58,OUT013,0
FDD41,OUT018,0
FDP40,OUT018,0
FDM51,OUT027,0
FDO45,OUT010,0
FDW33,OUT010,0
FDY24,OUT045,0
FDB10,OUT010,0
FDM40,OUT035,0
NCI06,OUT017,0
FDW12,OUT019,0
FDX48,OUT027,0
NCW05,OUT027,0
FDX27,OUT017,0
DRM37,OUT045,0
FDA38,OUT045,0
FDR36,OUT046,0
FDZ45,OUT046,0
FDG05,OUT017,0
FDK28,OUT013,0
FDV47,OUT045,0
FDN21,OUT045,0
FDP20,OUT027,0
FDI35,OUT045,0
DRY23,OUT013,0
FDA56,OUT017,0
FDB09,OUT013,0
NCO26,OUT027,0
FDQ49,OUT018,0
FDI52,OUT027,0
FDZ44,OUT027,0
FDZ09,OUT018,0
FDY03,OUT049,0
NCG42,OUT017,0
DRI13,OUT027,0
FDQ32,OUT013,0
FDW16,OUT035,0
FDU27,OUT046,0
FDR28,OUT010,0
FDQ49,OUT010,0
FDS37,OUT046,0
FDW26,OUT018,0
FDX12,OUT018,0
NCP06,OUT013,0
FDW45,OUT010,0
NCN30,OUT049,0
FDN24,OUT049,0
NCL41,OUT027,0
FDR02,OUT019,0
FDD09,OUT010,0
FDS33,OUT010,0
FDU22,OUT045,0
FDI53,OUT013,0
DRH01,OUT049,0
FDX32,OUT013,0
NCP30,OUT018,0
FDB60,OUT045,0
FDB14,OUT049,0
NCP02,OUT035,0
FDJ10,OUT017,0
FDG34,OUT046,0
NCB18,OUT017,0
FDM16,OUT049,0
FDW25,OUT018,0
FDB35,OUT010,0
DRN11,OUT013,0
FDF41,OUT019,0
FDH16,OUT045,0
NCQ50,OUT018,0
DRH23,OUT018,0
DRJ37,OUT013,0
DRJ24,OUT027,0
FDY16,OUT035,0
FDQ27,OUT045,0
FDZ33,OUT045,0
FDF29,OUT045,0
FDA08,OUT049,0
FDG31,OUT046,0
FDE34,OUT019,0
NCR30,OUT027,0
FDV33,OUT035,0
DRZ24,OUT018,0
NCL54,OUT035,0
FDR12,OUT049,0
NCC54,OUT046,0
DRN59,OUT013,0
FDX50,OUT019,0
FDV31,OUT027,0
NCA29,OUT027,0
FDW60,OUT049,0
FDX08,OUT017,0
DRD49,OUT013,0
FDD33,OUT046,0
FDW35,OUT013,0
FDJ36,OUT017,0
FDV51,OUT035,0
FDW36,OUT046,0
FDH35,OUT046,0
NCS30,OUT027,0
FDN49,OUT017,0
FDL08,OUT018,0
FDI09,OUT013,0
FDP19,OUT018,0
FDU21,OUT010,0
NCP41,OUT045,0
FDY10,OUT013,0
FDP12,OUT018,0
NCN26,OUT049,0
FDK44,OUT013,0
FDC28,OUT049,0
FDJ41,OUT027,0
NCT29,OUT035,0
NCH42,OUT019,0
FDU60,OUT018,0
FDS02,OUT045,0
FDC51,OUT046,0
FDU03,OUT013,0
FDX39,OUT045,0
NCY05,OUT010,0
NCL06,OUT027,0
FDD32,OUT035,0
NCN41,OUT045,0
NCX53,OUT049,0
FDU57,OUT019,0
FDQ23,OUT046,0
FDQ52,OUT045,0
FDC14,OUT045,0
FDY09,OUT035,0
FDQ28,OUT045,0
FDV25,OUT046,0
FDJ07,OUT035,0
DRB25,OUT049,0
FDK52,OUT019,0
FDY52,OUT027,0
FDB28,OUT046,0
FDT36,OUT035,0
FDV25,OUT017,0
NCN07,OUT027,0
FDC57,OUT017,0
FDQ03,OUT018,0
FDU23,OUT017,0
NCX41,OUT035,0
NCD06,OUT035,0
FDW08,OUT045,0
NCU29,OUT017,0
NCE06,OUT013,0
FDV52,OUT010,0
FDB02,OUT017,0
NCR18,OUT045,0
FDK16,OUT049,0
NCQ29,OUT010,0
FDZ01,OUT019,0
FDW27,OUT035,0
FDD17,OUT018,0
FDW39,OUT013,0
DRH59,OUT045,0
FDS52,OUT013,0
FDU40,OUT027,0
NCF54,OUT013,0
FDH46,OUT045,0
NCP14,OUT049,0
FDH50,OUT049,0
DRF15,OUT010,0
FDV27,OUT027,0
NCJ06,OUT049,0
FDN02,OUT018,0
FDQ51,OUT049,0
FDQ07,OUT017,0
FDS45,OUT049,0
NCJ06,OUT045,0
FDD36,OUT035,0
FDY25,OUT045,0
FDU52,OUT046,0
DRK47,OUT017,0
NCL30,OUT017,0
FDN22,OUT035,0
NCF30,OUT027,0
FDK03,OUT035,0
FDT45,OUT017,0
NCC54,OUT027,0
FDP08,OUT018,0
FDU44,OUT046,0
DRG39,OUT035,0
FDU32,OUT049,0
FDY27,OUT049,0
NCP54,OUT013,0
NCZ41,OUT049,0
DRL49,OUT013,0
FDI05,OUT018,0
FDY56,OUT045,0
DRC13,OUT013,0
NCV29,OUT017,0
FDR24,OUT049,0
FDZ34,OUT018,0
FDP37,OUT035,0
FDX08,OUT027,0
FDS57,OUT045,0
NCG18,OUT049,0
FDK25,OUT018,0
FDH53,OUT049,0
DRI59,OUT018,0
FDA52,OUT046,0
FDT20,OUT010,0
FDE36,OUT019,0
FDI24,OUT017,0
FDB28,OUT018,0
FDV11,OUT017,0
FDP01,OUT046,0
FDD34,OUT027,0
FDJ50,OUT027,0
FDZ44,OUT013,0
DRO59,OUT035,0
DRB48,OUT045,0
FDR21,OUT018,0
NCE42,OUT010,0
FDO23,OUT046,0
NCE30,OUT018,0
FDQ22,OUT035,0
FDY01,OUT045,0
FDS08,OUT017,0
FDG28,OUT018,0
FDQ51,OUT018,0
FDB05,OUT017,0
FDO56,OUT049,0
FDE02,OUT018,0
FDN45,OUT017,0
FDS09,OUT013,0
NCA54,OUT018,0
FDP09,OUT010,0
FDC53,OUT045,0
NCM55,OUT017,0
FDL09,OUT018,0
FDA11,OUT019,0
FDA50,OUT045,0
FDC23,OUT017,0
FDE22,OUT049,0
FDD23,OUT046,0
NCA29,OUT049,0
FDK38,OUT046,0
DRC13,OUT046,0
NCP43,OUT049,0
FDX28,OUT049,0
FDF08,OUT049,0
FDZ33,OUT046,0
FDD10,OUT049,0
FDO58,OUT017,0
FDI50,OUT017,0
FDO58,OUT045,0
FDX08,OUT013,0
NCK17,OUT010,0
FDF39,OUT035,0
FDU45,OUT010,0
NCJ18,OUT018,0
DRC27,OUT019,0
DRC25,OUT035,0
FDU59,OUT035,0
FDU28,OUT035,0
NCP30,OUT046,0
FDB39,OUT018,0
FDE41,OUT013,0
DRH11,OUT010,0
FDA58,OUT045,0
FDU50,OUT046,0
FDM34,OUT013,0
FDM44,OUT027,0
FDR39,OUT045,0
FDM25,OUT045,0
FDQ49,OUT049,0
DRH25,OUT018,0
FDM09,OUT027,0
FDL44,OUT019,0
NCR42,OUT018,0
DRL59,OUT046,0
FDX43,OUT013,0
DRK47,OUT010,0
FDU48,OUT018,0
FDY12,OUT045,0
NCN43,OUT018,0
NCM55,OUT018,0
FDQ21,OUT027,0
FDX13,OUT035,0
NCK30,OUT027,0
FDG20,OUT049,0
DRG27,OUT017,0
FDY14,OUT018,0
FDP59,OUT035,0
FDU60,OUT017,0
NCC18,OUT019,0
DRJ39,OUT017,0
FDS07,OUT049,0
FDM08,OUT027,0
FDP51,OUT045,0
FDU16,OUT035,0
FDH12,OUT013,0
DRE48,OUT010,0
NCL42,OUT027,0
FDR21,OUT045,0
NCW29,OUT035,0
FDO11,OUT013,0
NCM31,OUT049,0
FDV35,OUT019,0
FDF58,OUT017,0
NCE43,OUT049,0
FDA02,OUT035,0
DRL37,OUT010,0
FDR24,OUT018,0
FDW59,OUT049,0
FDS22,OUT049,0
FDW24,OUT017,0
FDU24,OUT035,0
FDA21,OUT027,0
FDH58,OUT027,0
FDW36,OUT018,0
FDI45,OUT027,0
FDU01,OUT018,0
FDF35,OUT027,0
FDU43,OUT019,0
FDE24,OUT019,0
FDK50,OUT049,0
FDG31,OUT045,0
FDC60,OUT045,0
FDL36,OUT013,0
FDP21,OUT013,0
FDW16,OUT045,0
FDX02,OUT017,0
FDQ58,OUT027,0
FDT51,OUT046,0
FDD59,OUT049,0
NCM42,OUT018,0
FDA57,OUT018,0
FDZ48,OUT035,0
FDE46,OUT045,0
NCZ30,OUT019,0
FDB56,OUT017,0
FDA25,OUT027,0
FDD20,OUT013,0
FDL25,OUT013,0
NCO18,OUT049,0
FDJ45,OUT017,0
FDR12,OUT035,0
NCF19,OUT010,0
FDK25,OUT046,0
NCR17,OUT046,0
FDC52,OUT046,0
NCA54,OUT017,0
FDR45,OUT010,0
NCM19,OUT049,0
FDF39,OUT027,0
FDX23,OUT049,0
FDD58,OUT027,0
FDX28,OUT013,0
NCD31,OUT013,0
FDU57,OUT018,0
FDI27,OUT046,0
NCM42,OUT046,0
FDD32,OUT027,0
FDI34,OUT013,0
NCM29,OUT049,0
FDG46,OUT018,0
DRC01,OUT010,0
FDB15,OUT027,0
NCA17,OUT027,0
FDF10,OUT046,0
FDR26,OUT027,0
FDI02,OUT049,0
NCM54,OUT010,0
FDF14,OUT013,0
FDJ33,OUT010,0
FDM20,OUT035,0
FDC03,OUT027,0
NCX05,OUT046,0
NCM41,OUT027,0
NCU29,OUT010,0
FDQ59,OUT017,0
FDH46,OUT010,0
FDH09,OUT013,0
NCD06,OUT045,0
FDC15,OUT035,0
DRD37,OUT027,0
FDT28,OUT027,0
FDR28,OUT027,0
FDT38,OUT017,0
FDV34,OUT027,0
FDY52,OUT035,0
FDB34,OUT013,0
DRL23,OUT018,0
DRB24,OUT046,0
FDJ50,OUT046,0
FDQ49,OUT035,0
FDP20,OUT035,0
FDV19,OUT027,0
NCR54,OUT045,0
FDO09,OUT010,0
FDS57,OUT018,0
FDN10,OUT049,0
FDV23,OUT049,0
FDY28,OUT049,0
DRG51,OUT013,0
FDD45,OUT019,0
NCL18,OUT027,0
NCM29,OUT013,0
FDF17,OUT027,0
FDE22,OUT017,0
FDQ22,OUT017,0
FDS01,OUT013,0
FDW35,OUT027,0
FDJ33,OUT046,0
NCF54,OUT035,0
FDE09,OUT013,0
NCE06,OUT045,0
DRH49,OUT049,0
FDY43,OUT045,0
NCT05,OUT017,0
FDZ34,OUT045,0
FDL38,OUT017,0
FDZ31,OUT017,0
FDR14,OUT035,0
NCN54,OUT049,0
NCC42,OUT027,0
FDK08,OUT017,0
FDP59,OUT013,0
FDV22,OUT035,0
FDD33,OUT035,0
DRE60,OUT027,0
FDK52,OUT046,0
FDA02,OUT017,0
FDM56,OUT049,0
FDE57,OUT035,0
FDM32,OUT045,0
NCQ30,OUT027,0
FDQ27,OUT027,0
FDT60,OUT027,0
FDU43,OUT049,0
NCO55,OUT035,0
FDG02,OUT045,0
FDJ28,OUT013,0
FDP40,OUT045,0
FDJ38,OUT045,0
NCC54,OUT017,0
NCZ41,OUT046,0
FDK38,OUT019,0
FDU52,OUT013,0
FDC40,OUT046,0
NCR30,OUT017,0
NCN18,OUT017,0
FDB50,OUT035,0
FDG04,OUT013,0
FDR26,OUT035,0
NCT17,OUT018,0
FDX35,OUT027,0
FDS12,OUT046,0
NCZ29,OUT027,0
FDB38,OUT010,0
FDP12,OUT013,0
FDP22,OUT046,0
FDS26,OUT018,0
FDR52,OUT046,0
DRJ13,OUT046,0
FDU48,OUT027,0
FDE29,OUT035,0
NCT29,OUT049,0
DRK37,OUT018,0
FDK55,OUT046,0
FDR07,OUT046,0
FDO21,OUT027,0
FDK46,OUT049,0
FDB12,OUT045,0
FDT31,OUT027,0
FDJ33,OUT045,0
FDC26,OUT027,0
NCQ02,OUT045,0
FDP08,OUT010,0
FDB11,OUT027,0
FDV55,OUT013,0
FDW20,OUT049,0
NCJ18,OUT019,0
FDC41,OUT018,0
FDE14,OUT027,0
FDG35,OUT013,0
FDF45,OUT035,0
FDS19,OUT027,0
FDS58,OUT019,0
FDA26,OUT017,0
FDM32,OUT049,0
FDL45,OUT046,0
FDZ55,OUT049,0
FDY37,OUT049,0
FDO46,OUT046,0
FDQ60,OUT046,0
FDA19,OUT018,0
FDL15,OUT046,0
FDM10,OUT018,0
NCL05,OUT017,0
DRK49,OUT010,0
NCE18,OUT027,0
FDG40,OUT049,0
DRI59,OUT045,0
FDK28,OUT035,0
NCD06,OUT019,0
FDO11,OUT019,0
FDK27,OUT046,0
FDT43,OUT027,0
FDD38,OUT018,0
FDA16,OUT049,0
FDL14,OUT027,0
NCM17,OUT049,0
FDD20,OUT045,0
FDA40,OUT045,0
FDL43,OUT045,0
FDV15,OUT045,0
FDE52,OUT046,0
NCL17,OUT010,0
NCJ31,OUT045,0
FDR60,OUT045,0
NCA18,OUT035,0
FDS21,OUT027,0
FDW09,OUT035,0
FDL26,OUT035,0
FDS47,OUT018,0
FDC39,OUT046,0
FDT51,OUT035,0
FDK40,OUT035,0
NCG19,OUT045,0
FDZ07,OUT046,0
FDF08,OUT027,0
FDO04,OUT013,0
FDK41,OUT018,0
FDP15,OUT049,0
NCD43,OUT018,0
NCP18,OUT013,0
FDZ51,OUT046,0
DRH13,OUT035,0
FDF38,OUT045,0
NCI43,OUT045,0
FDM38,OUT027,0
FDS03,OUT013,0
DRJ47,OUT017,0
FDT50,OUT010,0
FDV02,OUT046,0
NCG18,OUT017,0
FDW52,OUT046,0
FDS40,OUT035,0
FDN31,OUT017,0
FDA37,OUT045,0
FDA15,OUT046,0
FDL39,OUT046,0
FDJ53,OUT045,0
FDX22,OUT013,0
NCZ42,OUT045,0
FDD56,OUT027,0
FDD40,OUT017,0
FDS50,OUT013,0
NCN14,OUT013,0
FDT15,OUT013,0
NCS18,OUT027,0
NCO26,OUT010,0
FDF58,OUT018,0
NCB19,OUT013,0
FDH26,OUT017,0
DRB24,OUT027,0
FDA49,OUT018,0
FDB32,OUT045,0
FDI36,OUT017,0
NCA17,OUT010,0
FDH22,OUT013,0
NCM26,OUT018,0
FDT15,OUT027,0
FDB16,OUT018,0
NCP54,OUT027,0
FDJ36,OUT013,0
FDO28,OUT045,0
FDU09,OUT013,0
FDF29,OUT017,0
FDY08,OUT013,0
DRJ59,OUT018,0
FDT23,OUT027,0
FDU15,OUT018,0
FDT47,OUT013,0
FDI53,OUT019,0
FDR59,OUT018,0
FDD53,OUT035,0
FDY51,OUT017,0
FDT04,OUT049,0
FDU51,OUT049,0
FDG14,OUT035,0
NCU06,OUT045,0
DRG25,OUT046,0
DRH49,OUT035,0
FDN15,OUT035,0
FDL43,OUT018,0
NCT18,OUT049,0
NCB31,OUT013,0
FDK57,OUT035,0
FDY04,OUT019,0
NCP54,OUT046,0
FDF41,OUT013,0
FDM01,OUT045,0
FDW03,OUT045,0
FDF28,OUT045,0
FDY37,OUT017,0
FDQ03,OUT017,0
FDP51,OUT027,0
FDJ40,OUT017,0
FDC32,OUT049,0
DRI49,OUT027,0
NCW54,OUT017,0
FDF09,OUT017,0
FDP45,OUT018,0
DRJ23,OUT018,0
FDS59,OUT017,0
FDY08,OUT046,0
FDX16,OUT049,0
FDY16,OUT018,0
FDK32,OUT035,0
FDQ22,OUT013,0
NCC31,OUT018,0
FDG58,OUT049,0
DRF48,OUT013,0
DRH36,OUT049,0
NCR30,OUT035,0
FDB03,OUT019,0
FDZ28,OUT027,0
FDR35,OUT017,0
DRD15,OUT027,0
FDJ33,OUT019,0
FDA56,OUT010,0
FDP56,OUT046,0
NCT30,OUT046,0
FDK15,OUT017,0
FDH44,OUT018,0
FDV01,OUT013,0
DRG03,OUT017,0
FDG50,OUT027,0
FDR16,OUT010,0
FDZ60,OUT046,0
DRG03,OUT045,0
FDS56,OUT018,0
FDU33,OUT045,0
DRD27,OUT035,0
FDW22,OUT046,0
DRA24,OUT045,0
FDF38,OUT049,0
FDX48,OUT013,0
FDS58,OUT018,0
FDC32,OUT046,0
NCQ29,OUT045,0
DRK39,OUT018,0
NCS38,OUT017,0
DRO47,OUT013,0
DRG27,OUT027,0
FDC57,OUT027,0
FDS55,OUT046,0
NCJ06,OUT018,0
FDO01,OUT019,0
NCM55,OUT045,0
FDC52,OUT049,0
FDQ15,OUT045,0
NCT30,OUT027,0
NCR42,OUT027,0
FDD28,OUT035,0
FDQ34,OUT049,0
FDZ12,OUT027,0
DRE13,OUT019,0
NCN07,OUT019,0
FDM28,OUT035,0
FDI10,OUT017,0
FDQ25,OUT013,0
FDA38,OUT010,0
DRI13,OUT049,0
FDY20,OUT027,0
NCZ53,OUT035,0
NCM31,OUT013,0
DRB01,OUT017,0
DRF37,OUT046,0
NCF42,OUT049,0
FDF16,OUT018,0
FDB41,OUT013,0
FDR34,OUT013,0
FDR15,OUT018,0
NCV42,OUT019,0
FDW51,OUT035,0
FDU36,OUT017,0
FDX60,OUT049,0
FDY03,OUT035,0
FDW55,OUT045,0
FDT01,OUT010,0
FDG58,OUT013,0
FDK21,OUT017,0
NCS41,OUT019,0
FDS10,OUT045,0
NCT53,OUT046,0
FDJ28,OUT018,0
FDX44,OUT045,0
FDT20,OUT018,0
FDO44,OUT017,0
NCX17,OUT049,0
FDY01,OUT017,0
FDJ12,OUT027,0
DRK35,OUT018,0
FDD47,OUT019,0
NCM53,OUT035,0
FDO45,OUT013,0
NCM42,OUT010,0
FDE04,OUT046,0
NCI30,OUT027,0
FDZ19,OUT013,0
FDW57,OUT013,0
FDA25,OUT013,0
FDT22,OUT046,0
FDP51,OUT013,0
FDD48,OUT027,0
FDY39,OUT035,0
FDO48,OUT010,0
FDD23,OUT027,0
DRN35,OUT027,0
FDT01,OUT035,0
FDC20,OUT010,0
DRJ35,OUT035,0
FDB32,OUT046,0
FDL24,OUT046,0
NCV42,OUT035,0
FDZ46,OUT046,0
FDC15,OUT013,0
FDD08,OUT019,0
FDY50,OUT049,0
FDD36,OUT013,0
FDG57,OUT027,0
FDL21,OUT018,0
FDN16,OUT027,0
FDJ09,OUT027,0
FDS01,OUT010,0
FDV33,OUT017,0
DRE12,OUT017,0
FDR07,OUT013,0
FDP48,OUT010,0
NCB55,OUT035,0
FDQ08,OUT013,0
FDR34,OUT035,0
FDO33,OUT046,0
FDP13,OUT045,0
FDX12,OUT049,0
NCT06,OUT049,0
FDR16,OUT019,0
FDE36,OUT046,0
FDZ36,OUT049,0
FDV13,OUT045,0
NCZ17,OUT035,0
FDU56,OUT045,0
FDM09,OUT035,0
FDV02,OUT017,0
FDS34,OUT018,0
FDA11,OUT049,0
FDP09,OUT017,0
FDB29,OUT027,0
FDT19,OUT017,0
DRH15,OUT017,0
FDY38,OUT046,0
FDF14,OUT027,0
FDN48,OUT010,0
FDQ12,OUT013,0
NCJ43,OUT045,0
FDE17,OUT019,0
FDB05,OUT035,0
FDH10,OUT045,0
NCR06,OUT017,0
FDU32,OUT018,0
FDD56,OUT049,0
FDO36,OUT018,0
FDH16,OUT010,0
FDX10,OUT018,0
FDZ37,OUT017,0
FDU31,OUT010,0
DRC49,OUT049,0
FDL15,OUT045,0
FDN32,OUT019,0
DRH59,OUT027,0
NCU29,OUT049,0
FDR37,OUT019,0
FDS14,OUT018,0
FDU02,OUT027,0
FDJ08,OUT035,0
NCZ06,OUT045,0
FDO31,OUT049,0
FDH31,OUT018,0
FDS58,OUT017,0
NCA53,OUT027,0
FDF50,OUT046,0
NCW42,OUT049,0
NCQ17,OUT045,0
FDK51,OUT018,0
NCW41,OUT010,0
NCR29,OUT017,0
FDB08,OUT019,0
FDA40,OUT027,0
FDL14,OUT018,0
FDB47,OUT046,0
FDO03,OUT035,0
DRK13,OUT019,0
FDX13,OUT010,0
FDF52,OUT046,0
FDT11,OUT013,0
FDB08,OUT013,0
FDQ28,OUT018,0
FDD29,OUT045,0
NCQ29,OUT027,0
NCO02,OUT013,0
FDR56,OUT010,0
NCM54,OUT049,0
FDP51,OUT035,0
FDT38,OUT013,0
FDZ20,OUT018,0
FDJ53,OUT013,0
FDX13,OUT049,0
FDP58,OUT035,0
NCK31,OUT019,0
FDA35,OUT018,0
FDV37,OUT018,0
NCO07,OUT027,0
FDA20,OUT045,0
FDZ59,OUT035,0
NCY17,OUT017,0
FDQ28,OUT035,0
FDV35,OUT017,0
FDQ36,OUT013,0
FDD34,OUT018,0
FDK51,OUT045,0
FDV31,OUT035,0
FDR04,OUT035,0
FDR14,OUT049,0
DRC36,OUT010,0
FDE39,OUT019,0
FDP57,OUT049,0
FDE57,OUT046,0
NCN18,OUT046,0
NCQ05,OUT018,0
FDW47,OUT035,0
FDV46,OUT035,0
NCP29,OUT045,0
FDE09,OUT018,0
NCU06,OUT027,0
FDT19,OUT010,0
DRF15,OUT017,0
DRI51,OUT013,0
NCX54,OUT013,0
DRE01,OUT013,0
NCB07,OUT045,0
FDU50,OUT035,0
FDG40,OUT035,0
FDW10,OUT018,0
FDX51,OUT013,0
NCP17,OUT045,0
FDP21,OUT035,0
FDL04,OUT045,0
FDV23,OUT013,0
FDF24,OUT046,0
FDH56,OUT027,0
FDB51,OUT049,0
FDI58,OUT027,0
FDR20,OUT013,0
FDC51,OUT018,0
FDB16,OUT027,0
FDE40,OUT049,0
NCM17,OUT035,0
FDU56,OUT035,0
FDS32,OUT019,0
FDX02,OUT049,0
FDT39,OUT027,0
FDE35,OUT017,0
NCI42,OUT019,0
DRL23,OUT046,0
FDA10,OUT046,0
FDA11,OUT013,0
NCM06,OUT046,0
NCT05,OUT035,0
NCQ02,OUT010,0
NCY06,OUT049,0
FDY56,OUT035,0
FDL02,OUT035,0
NCI06,OUT035,0
FDQ14,OUT045,0
FDQ12,OUT017,0
FDP36,OUT046,0
FDK21,OUT027,0
FDO40,OUT045,0
NCK54,OUT019,0
FDY09,OUT018,0
NCW30,OUT049,0
NCC55,OUT027,0
FDE58,OUT018,0
FDR39,OUT013,0
FDU28,OUT049,0
FDH08,OUT017,0
FDG35,OUT045,0
FDG22,OUT049,0
FDC34,OUT035,0
FDP15,OUT018,0
FDK34,OUT010,0
FDU45,OUT035,0
FDQ04,OUT027,0
FDX22,OUT018,0
FDB45,OUT017,0
NCH43,OUT027,0
DRE60,OUT046,0
FDD17,OUT027,0
NCM54,OUT017,0
NCH55,OUT013,0
NCT06,OUT017,0
FDA48,OUT027,0
FDY58,OUT027,0
FDO25,OUT045,0
FDN50,OUT045,0
FDH35,OUT035,0
FDK09,OUT045,0
FDO16,OUT013,0
FDW11,OUT045,0
FDU47,OUT027,0
NCQ42,OUT010,0
FDK55,OUT027,0
FDN08,OUT049,0
FDT57,OUT045,0
FDJ12,OUT018,0
DRL59,OUT017,0
NCN53,OUT046,0
FDO51,OUT010,0
FDK56,OUT017,0
FDY12,OUT035,0
FDU15,OUT035,0
FDQ19,OUT046,0
DRF15,OUT045,0
DRE25,OUT019,0
FDK57,OUT018,0
FDD33,OUT010,0
FDR34,OUT027,0
FDU04,OUT045,0
FDE35,OUT019,0
NCD31,OUT035,0
FDJ56,OUT035,0
NCU53,OUT046,0
FDD39,OUT035,0
NCU17,OUT019,0
FDJ20,OUT046,0
NCW41,OUT018,0
FDL52,OUT035,0
FDS39,OUT035,0
DRJ47,OUT045,0
FDP13,OUT010,0
DRK39,OUT010,0
FDF28,OUT010,0
FDB09,OUT045,0
FDM51,OUT046,0
DRM49,OUT018,0
DRF23,OUT013,0
DRH01,OUT035,0
FDH12,OUT027,0
FDA28,OUT019,0
FDW37,OUT018,0
FDF02,OUT046,0
DRL37,OUT046,0
NCF43,OUT046,0
FDH08,OUT010,0
FDR34,OUT019,0
NCK19,OUT049,0
NCD55,OUT018,0
FDT27,OUT049,0
FDQ57,OUT045,0
FDA47,OUT035,0
DRG15,OUT027,0
FDE05,OUT018,0
FDN46,OUT046,0
FDX27,OUT027,0
FDT51,OUT045,0
FDU33,OUT013,0
FDJ16,OUT027,0
FDD20,OUT019,0
FDT36,OUT049,0
DRF15,OUT027,0
FDN52,OUT010,0
FDC22,OUT027,0
FDX15,OUT045,0
FDT13,OUT013,0
FDU04,OUT017,0
FDU31,OUT019,0
FDW59,OUT027,0
NCO29,OUT046,0
FDL15,OUT035,0
FDI41,OUT049,0
FDQ48,OUT049,0
DRI39,OUT013,0
FDI08,OUT013,0
FDC21,OUT049,0
FDF58,OUT035,0
FDS08,OUT010,0
FDE47,OUT045,0
NCP18,OUT019,0
NCR41,OUT013,0
FDA27,OUT013,0
FDA43,OUT035,0
FDA49,OUT045,0
NCE55,OUT018,0
DRM49,OUT027,0
FDF22,OUT027,0
FDQ15,OUT018,0
NCS54,OUT017,0
NCY05,OUT013,0
FDR45,OUT046,0
FDK57,OUT049,0
FDF41,OUT010,0
FDV21,OUT046,0
FDD51,OUT046,0
FDF33,OUT046,0
FDA38,OUT046,0
FDR56,OUT045,0
NCN41,OUT017,0
FDC60,OUT027,0
FDB47,OUT045,0
DRH01,OUT013,0
FDW08,OUT046,0
FDF38,OUT027,0
FDY32,OUT017,0
FDG34,OUT049,0
FDG47,OUT019,0
NCF18,OUT035,0
FDL39,OUT019,0
NCH55,OUT035,0
DRJ35,OUT049,0
FDS44,OUT035,0
DRE01,OUT018,0
FDY39,OUT013,0
FDY32,OUT018,0
FDR33,OUT027,0
NCP50,OUT049,0
FDZ47,OUT018,0
FDU57,OUT049,0
FDY44,OUT013,0
DRH59,OUT018,0
FDB03,OUT027,0
FDY46,OUT045,0
FDM39,OUT045,0
FDY36,OUT035,0
NCM55,OUT035,0
FDJ50,OUT010,0
DRL60,OUT013,0
NCJ54,OUT049,0
FDX59,OUT017,0
FDI07,OUT013,0
DRF51,OUT010,0
FDM14,OUT017,0
FDP21,OUT045,0
FDE40,OUT035,0
FDE05,OUT035,0
FDM13,OUT027,0
FDC34,OUT027,0
NCI55,OUT018,0
NCE43,OUT018,0
FDW58,OUT018,0
FDG60,OUT045,0
FDV31,OUT017,0
FDR47,OUT013,0
FDM60,OUT019,0
NCF06,OUT018,0
NCN26,OUT027,0
FDQ59,OUT049,0
FDF09,OUT046,0
NCS06,OUT017,0
FDT44,OUT046,0
FDI19,OUT017,0
FDT22,OUT017,0
NCF54,OUT027,0
DRG25,OUT045,0
FDB59,OUT017,0
FDQ37,OUT017,0
FDP56,OUT035,0
FDW44,OUT035,0
FDJ26,OUT010,0
FDU43,OUT018,0
FDW33,OUT045,0
NCX53,OUT027,0
FDN56,OUT010,0
DRF15,OUT049,0
FDO33,OUT017,0
FDZ39,OUT010,0
NCJ19,OUT017,0
FDU01,OUT035,0
FDT12,OUT035,0
NCM18,OUT018,0
FDP19,OUT017,0
NCR42,OUT049,0
FDN10,OUT046,0
FDG44,OUT017,0
FDQ10,OUT046,0
DRH13,OUT049,0
FDT52,OUT013,0
FDM56,OUT045,0
NCO43,OUT010,0
NCV29,OUT035,0
NCF06,OUT013,0
FDO50,OUT035,0
FDT59,OUT013,0
FDX40,OUT027,0
FDE50,OUT017,0
FDX51,OUT017,0
NCD30,OUT018,0
FDK15,OUT013,0
FDL12,OUT045,0
FDK46,OUT017,0
DRH49,OUT010,0
FDQ57,OUT046,0
FDY59,OUT017,0
FDO09,OUT018,0
NCG30,OUT035,0
FDM09,OUT017,0
NCN17,OUT027,0
NCS42,OUT013,0
FDD02,OUT019,0
FDE34,OUT013,0
FDU38,OUT045,0
FDB33,OUT046,0
NCJ29,OUT017,0
FDZ27,OUT035,0
FDI40,OUT013,0
FDG22,OUT013,0
FDT51,OUT017,0
FDF20,OUT018,0
FDV50,OUT035,0
FDT02,OUT049,0
DRC49,OUT017,0
FDF26,OUT049,0
FDV52,OUT035,0
FDX59,OUT049,0
FDV25,OUT035,0
FDW23,OUT027,0
FDE53,OUT018,0
FDA19,OUT017,0
FDH22,OUT046,0
NCO41,OUT013,0
FDX12,OUT017,0
FDF17,OUT013,0
FDS11,OUT045,0
FDR51,OUT035,0
FDT49,OUT010,0
FDC56,OUT013,0
FDR13,OUT027,0
FDQ60,OUT035,0
FDN38,OUT049,0
NCL29,OUT013,0
FDO13,OUT027,0
FDE26,OUT018,0
FDA31,OUT010,0
FDX14,OUT035,0
FDA34,OUT045,0
FDF26,OUT013,0
FDE38,OUT045,0
DRI11,OUT046,0
FDQ60,OUT027,0
FDL21,OUT027,0
DRC12,OUT027,0
FDC47,OUT046,0
FDE57,OUT045,0
FDT14,OUT045,0
NCZ53,OUT046,0
FDE28,OUT018,0
FDR19,OUT035,0
NCF54,OUT019,0
FDZ08,OUT046,0
NCJ05,OUT018,0
FDF59,OUT046,0
NCO05,OUT035,0
FDW24,OUT018,0
NCX42,OUT018,0
NCA53,OUT035,0
FDI45,OUT019,0
FDG46,OUT046,0
FDM20,OUT010,0
FDW11,OUT010,0
FDX08,OUT035,0
NCK17,OUT035,0
FDK32,OUT018,0
NCA42,OUT035,0
DRI01,OUT035,0
NCL55,OUT049,0
DRE25,OUT018,0
FDD14,OUT017,0
FDB10,OUT046,0
DRN11,OUT035,0
FDP38,OUT018,0
NCA30,OUT017,0
FDT15,OUT017,0
NCP55,OUT018,0
FDF12,OUT035,0
FDM21,OUT018,0
FDX56,OUT035,0
FDF10,OUT017,0
FDT32,OUT045,0
FDM51,OUT018,0
NCR50,OUT018,0
FDI19,OUT049,0
FDX21,OUT017,0
FDR31,OUT035,0
FDY02,OUT013,0
NCA29,OUT045,0
NCX17,OUT046,0
FDM12,OUT045,0
FDI53,OUT027,0
NCU30,OUT049,0
FDC56,OUT027,0
FDK27,OUT018,0
NCK18,OUT017,0
FDB52,OUT019,0
DRG25,OUT027,0
FDZ13,OUT049,0
FDB57,OUT019,0
FDR40,OUT046,0
NCO14,OUT019,0
NCN19,OUT045,0
FDQ28,OUT019,0
FDO13,OUT018,0
FDK48,OUT013,0
FDU07,OUT018,0
FDW20,OUT046,0
FDV12,OUT010,0
FDH24,OUT013,0
FDV59,OUT049,0
FDK57,OUT045,0
FDL16,OUT027,0
NCQ17,OUT046,0
FDJ15,OUT018,0
FDX24,OUT049,0
FDT47,OUT046,0
FDT10,OUT049,0
FDZ37,OUT018,0
FDW43,OUT027,0
DRN36,OUT017,0
FDJ14,OUT045,0
FDA32,OUT013,0
FDJ38,OUT019,0
FDQ57,OUT017,0
NCQ41,OUT019,0
FDG56,OUT049,0
DRC13,OUT027,0
FDV55,OUT035,0
FDQ49,OUT045,0
FDE29,OUT010,0
FDR03,OUT013,0
FDD45,OUT049,0
FDN38,OUT010,0
FDT56,OUT046,0
FDT48,OUT045,0
FDU03,OUT049,0
FDC56,OUT010,0
NCO43,OUT027,0
FDQ27,OUT017,0
FDR03,OUT046,0
DRH23,OUT010,0
FDG22,OUT045,0
NCJ42,OUT013,0
FDR24,OUT046,0
FDW60,OUT035,0
FDJ08,OUT013,0
DRL59,OUT018,0
FDG60,OUT010,0
FDW27,OUT017,0
FDX14,OUT018,0
FDC20,OUT013,0
NCS29,OUT018,0
FDJ56,OUT046,0
FDB20,OUT019,0
FDL28,OUT027,0
FDW01,OUT018,0
FDL03,OUT046,0
FDX22,OUT049,0
FDJ21,OUT035,0
FDR31,OUT045,0
FDG21,OUT035,0
FDS22,OUT027,0
FDK08,OUT035,0
FDE17,OUT018,0
NCN30,OUT017,0
FDT50,OUT046,0
NCX42,OUT049,0
FDJ12,OUT035,0
NCA18,OUT027,0
FDP23,OUT019,0
FDX12,OUT013,0
FDN40,OUT018,0
FDV48,OUT035,0
NCY54,OUT013,0
FDL16,OUT010,0
FDR45,OUT018,0
FDJ52,OUT046,0
DRG01,OUT017,0
FDP52,OUT013,0
FDU58,OUT017,0
FDL02,OUT045,0
FDG28,OUT013,0
FDA19,OUT035,0
FDW46,OUT027,0
NCD43,OUT049,0
DRG39,OUT013,0
NCF55,OUT049,0
FDJ07,OUT046,0
FDE08,OUT046,0
FDP56,OUT019,0
FDT45,OUT045,0
FDF17,OUT018,0
FDX44,OUT046,0
FDM28,OUT027,0
FDI36,OUT049,0
FDS07,OUT045,0
FDD36,OUT045,0
FDW11,OUT046,0
FDN40,OUT049,0
NCQ18,OUT049,0
NCQ54,OUT017,0
NCS42,OUT045,0
DRH39,OUT010,0
FDC09,OUT027,0
FDT08,OUT010,0
FDC08,OUT035,0
FDT20,OUT017,0
FDS35,OUT035,0
FDX58,OUT018,0
FDW58,OUT046,0
DRD27,OUT046,0
FDH32,OUT019,0
FDS26,OUT035,0
FDQ31,OUT046,0
FDP11,OUT018,0
FDD58,OUT017,0
FDM33,OUT045,0
FDZ16,OUT049,0
NCS29,OUT010,0
NCM18,OUT019,0
FDP11,OUT049,0
NCC42,OUT017,0
DRM23,OUT046,0
NCN55,OUT027,0
FDK46,OUT013,0
FDR01,OUT046,0
NCA05,OUT045,0
NCP43,OUT017,0
FDR12,OUT010,0
FDQ01,OUT013,0
FDM13,OUT046,0
FDQ19,OUT017,0
FDK56,OUT019,0
NCX06,OUT010,0
FDO56,OUT027,0
FDU45,OUT045,0
FDI16,OUT019,0
FDL32,OUT046,0
FDA07,OUT046,0
FDA14,OUT045,0
FDV46,OUT027,0
NCO07,OUT035,0
NCP41,OUT046,0
FDY60,OUT018,0
FDN38,OUT017,0
FDO15,OUT046,0
FDT60,OUT013,0
FDA55,OUT035,0
FDE02,OUT010,0
DRJ39,OUT049,0
FDV34,OUT035,0
FDS20,OUT027,0
FDF02,OUT027,0
FDW40,OUT017,0
NCB43,OUT046,0
FDR58,OUT017,0
DRJ59,OUT035,0
NCD30,OUT017,0
FDE14,OUT017,0
FDC28,OUT018,0
FDU16,OUT018,0
NCD19,OUT035,0
FDU21,OUT046,0
FDV59,OUT027,0
FDU03,OUT045,0
FDC33,OUT010,0
NCR42,OUT035,0
DRH59,OUT035,0
NCM31,OUT035,0
FDS50,OUT035,0
FDP39,OUT046,0
FDQ55,OUT013,0
FDV36,OUT019,0
FDI05,OUT027,0
FDS45,OUT027,0
FDA39,OUT045,0
FDC37,OUT010,0
FDJ60,OUT027,0
DRQ35,OUT046,0
NCJ06,OUT046,0
NCY42,OUT018,0
DRM37,OUT049,0
FDR14,OUT045,0
FDE51,OUT049,0
FDT33,OUT017,0
FDR08,OUT013,0
FDE36,OUT010,0
FDL22,OUT019,0
FDR44,OUT013,0
FDI56,OUT019,0
FDE47,OUT010,0
FDV27,OUT010,0
FDV10,OUT049,0
FDC40,OUT045,0
NCX41,OUT013,0
NCQ38,OUT027,0
FDV12,OUT027,0
FDE52,OUT017,0
FDG20,OUT027,0
FDV16,OUT027,0
FDI32,OUT017,0
FDJ32,OUT049,0
FDN39,OUT018,0
FDY34,OUT017,0
FDC14,OUT035,0
FDA55,OUT017,0
FDZ50,OUT010,0
DRG13,OUT049,0
FDP01,OUT013,0
NCG54,OUT017,0
FDM13,OUT045,0
NCO18,OUT027,0
NCW41,OUT013,0
FDM52,OUT027,0
NCF55,OUT035,0
FDT09,OUT046,0
NCM19,OUT035,0
FDW12,OUT018,0
FDP15,OUT019,0
FDK36,OUT045,0
FDZ25,OUT035,0
NCW06,OUT049,0
FDW60,OUT046,0
DRC49,OUT013,0
NCT17,OUT035,0
NCN06,OUT018,0
FDC45,OUT013,0
DRJ47,OUT019,0
NCF06,OUT045,0
FDE21,OUT010,0
DRG27,OUT013,0
FDW40,OUT049,0
NCO53,OUT046,0
FDE23,OUT049,0
FDQ16,OUT046,0
FDS26,OUT045,0
FDZ13,OUT010,0
FDS14,OUT049,0
FDC10,OUT045,0
FDY16,OUT049,0
FDJ20,OUT035,0
FDV43,OUT035,0
FDZ32,OUT027,0
FDR23,OUT046,0
FDN24,OUT035,0
FDE34,OUT027,0
FDU31,OUT013,0
FDW33,OUT018,0
FDU26,OUT046,0
FDE20,OUT027,0
NCW05,OUT035,0
FDB22,OUT018,0
FDO56,OUT046,0
FDA19,OUT027,0
DRI39,OUT045,0
FDH52,OUT018,0
FDZ50,OUT035,0
NCN42,OUT035,0
FDB53,OUT013,0
DRG11,OUT017,0
DRK11,OUT027,0
FDQ60,OUT017,0
FDT36,OUT017,0
DRG25,OUT018,0
DRJ23,OUT046,0
FDG05,OUT035,0
NCK06,OUT018,0
FDU52,OUT017,0
FDW07,OUT018,0
NCM17,OUT045,0
FDA22,OUT045,0
NCA41,OUT018,0
FDF38,OUT035,0
FDH52,OUT046,0
FDY58,OUT019,0
FDZ16,OUT045,0
NCM18,OUT017,0
FDA22,OUT018,0
NCJ43,OUT035,0
FDI34,OUT027,0
FDG56,OUT046,0
FDS34,OUT046,0
DRC01,OUT035,0
FDQ04,OUT035,0
FDK04,OUT035,0
FDT51,OUT049,0
FDV26,OUT017,0
FDS04,OUT049,0
FDW43,OUT018,0
FDQ28,OUT010,0
NCK06,OUT017,0
FDS23,OUT018,0
FDZ36,OUT019,0
FDE56,OUT018,0
FDW10,OUT027,0
NCN14,OUT045,0
NCQ18,OUT045,0
FDW08,OUT017,0
FDU43,OUT035,0
FDR33,OUT010,0
FDM24,OUT010,0
NCZ05,OUT046,0
NCV41,OUT035,0
FDV11,OUT018,0
NCY05,OUT035,0
FDV44,OUT018,0
FDW32,OUT049,0
NCU18,OUT027,0
NCC43,OUT035,0
FDW19,OUT013,0
FDN31,OUT035,0
FDI48,OUT045,0
FDS24,OUT017,0
FDF46,OUT049,0
DRG23,OUT017,0
FDG14,OUT018,0
NCY30,OUT049,0
FDO28,OUT018,0
DRD24,OUT035,0
FDI33,OUT049,0
FDN32,OUT046,0
FDR16,OUT045,0
FDF26,OUT046,0
NCN29,OUT018,0
FDE20,OUT045,0
FDA46,OUT046,0
FDU28,OUT045,0
FDQ48,OUT045,0
FDV36,OUT013,0
FDR14,OUT018,0
FDP23,OUT017,0
FDP56,OUT013,0
FDK48,OUT010,0
FDR48,OUT046,0
NCY29,OUT049,0
FDM22,OUT018,0
DRJ01,OUT013,0
FDZ43,OUT045,0
FDV03,OUT035,0
FDX11,OUT027,0
NCA41,OUT027,0
FDE38,OUT017,0
FDI27,OUT018,0
FDN32,OUT013,0
NCN43,OUT017,0
FDB47,OUT027,0
FDV03,OUT017,0
NCN30,OUT045,0
NCV54,OUT010,0
FDV07,OUT013,0
FDP07,OUT049,0
FDK48,OUT018,0
FDM15,OUT019,0
FDY19,OUT027,0
FDK46,OUT046,0
FDY11,OUT045,0
FDH09,OUT046,0
FDO08,OUT027,0
FDU14,OUT013,0
FDD22,OUT027,0
FDM27,OUT017,0
FDL02,OUT027,0
NCA17,OUT035,0
FDE38,OUT019,0
NCG07,OUT049,0
DRC27,OUT013,0
FDA27,OUT035,0
FDW40,OUT045,0
DRI11,OUT013,0
FDN50,OUT046,0
FDR12,OUT046,0
FDT34,OUT027,0
FDW11,OUT035,0
NCO30,OUT027,0
FDZ34,OUT017,0
FDU45,OUT017,0
NCD42,OUT035,0
FDX25,OUT045,0
NCR29,OUT046,0
FDX43,OUT019,0
FDB04,OUT010,0
FDR49,OUT027,0
FDS39,OUT018,0
FDW58,OUT045,0
FDG22,OUT019,0
FDG31,OUT017,0
NCV53,OUT027,0
DRJ37,OUT035,0
FDV07,OUT035,0
FDW52,OUT018,0
FDT15,OUT045,0
FDD02,OUT018,0
FDM16,OUT035,0
NCE55,OUT046,0
FDB57,OUT018,0
FDQ04,OUT013,0
FDQ47,OUT019,0
FDY14,OUT019,0
DRK37,OUT017,0
FDO25,OUT017,0
FDL57,OUT046,0
NCK29,OUT018,0
FDK46,OUT027,0
NCB43,OUT010,0
DRE01,OUT027,0
FDC46,OUT018,0
FDQ23,OUT045,0
FDX38,OUT049,0
FDG60,OUT018,0
FDW55,OUT017,0
FDP39,OUT013,0
FDB20,OUT018,0
FDV21,OUT017,0
FDZ02,OUT013,0
FDP19,OUT027,0
FDA38,OUT035,0
FDH22,OUT045,0
DRM11,OUT045,0
FDO12,OUT027,0
FDT14,OUT049,0
FDW34,OUT010,0
FDG04,OUT027,0
FDW59,OUT018,0
FDR33,OUT018,0
FDP32,OUT013,0
FDL13,OUT027,0
FDD22,OUT013,0
FDV40,OUT027,0
NCD55,OUT046,0
FDQ20,OUT010,0
FDD28,OUT045,0
FDC39,OUT045,0
NCR17,OUT049,0
DRO35,OUT018,0
FDF40,OUT049,0
FDR31,OUT018,0
NCQ41,OUT017,0
FDP38,OUT046,0
NCU54,OUT027,0
FDG22,OUT018,0
DRK59,OUT013,0
FDC37,OUT046,0
NCO42,OUT013,0
NCT42,OUT017,0
FDX27,OUT035,0
FDV40,OUT018,0
FDT45,OUT027,0
FDS47,OUT019,0
FDR45,OUT035,0
FDB03,OUT045,0
FDO49,OUT035,0
FDU60,OUT027,0
FDB26,OUT018,0
FDB46,OUT017,0
FDQ37,OUT019,0
FDN03,OUT017,0
NCX30,OUT045,0
FDK32,OUT019,0
DRM47,OUT013,0
NCO02,OUT046,0
FDP04,OUT013,0
NCO43,OUT049,0
FDD59,OUT013,0
FDQ10,OUT017,0
FDW45,OUT035,0
NCK30,OUT049,0
FDU31,OUT018,0
NCQ17,OUT019,0
FDN01,OUT017,0
FDZ19,OUT049,0
DRG37,OUT017,0
FDE32,OUT045,0
FDO34,OUT049,0
FDM04,OUT019,0
FDZ25,OUT049,0
FDU08,OUT049,0
NCW30,OUT045,0
NCM18,OUT013,0
FDS22,OUT035,0
NCH18,OUT017,0
FDC23,OUT013,0
FDY46,OUT013,0
NCU06,OUT046,0
FDX57,OUT045,0
FDX36,OUT027,0
FDL16,OUT045,0
FDT16,OUT010,0
FDN16,OUT018,0
FDC03,OUT046,0
DRF60,OUT013,0
FDS27,OUT027,0
FDP33,OUT010,0
FDJ36,OUT018,0
NCR42,OUT013,0
FDV14,OUT017,0
NCP42,OUT035,0
FDB50,OUT027,0
NCC30,OUT027,0
FDA23,OUT018,0
FDW16,OUT017,0
FDQ52,OUT010,0
FDB58,OUT049,0
NCP29,OUT049,0
NCM05,OUT045,0
FDO25,OUT013,0
NCM54,OUT046,0
NCL54,OUT046,0
FDL39,OUT010,0
FDF53,OUT018,0
NCQ42,OUT035,0
FDF58,OUT013,0
FDZ04,OUT035,0
FDE26,OUT019,0
FDS60,OUT017,0
FDV58,OUT017,0
FDM04,OUT045,0
FDE08,OUT035,0
NCB43,OUT049,0
FDU11,OUT010,0
FDF22,OUT019,0
FDE24,OUT013,0
DRJ49,OUT046,0
NCQ53,OUT035,0
NCL41,OUT013,0
FDR22,OUT013,0
FDH04,OUT035,0
DRH15,OUT045,0
FDY40,OUT049,0
NCI17,OUT035,0
NCC18,OUT013,0
FDY28,OUT027,0
FDB45,OUT027,0
NCL30,OUT018,0
FDM10,OUT017,0
FDH22,OUT027,0
NCZ53,OUT017,0
NCI18,OUT013,0
FDH14,OUT027,0
FDR36,OUT027,0
FDW01,OUT045,0
FDK02,OUT027,0
FDJ02,OUT018,0
FDU55,OUT013,0
NCV18,OUT027,0
FDH14,OUT018,0
FDZ37,OUT045,0
FDX49,OUT049,0
NCD43,OUT046,0
FDZ07,OUT013,0
FDK43,OUT035,0
FDR32,OUT018,0
FDT39,OUT013,0
NCV54,OUT017,0
FDF38,OUT018,0
FDV60,OUT046,0
FDH44,OUT027,0
FDS21,OUT046,0
NCL41,OUT045,0
FDM46,OUT017,0
FDU27,OUT045,0
NCJ54,OUT017,0
DRG51,OUT018,0
NCA29,OUT019,0
FDR47,OUT045,0
NCL19,OUT027,0
DRG01,OUT049,0
FDG10,OUT046,0
NCV05,OUT049,0
NCH18,OUT019,0
FDV14,OUT018,0
DRJ23,OUT035,0
DRJ11,OUT046,0
FDZ03,OUT017,0
FDI27,OUT010,0
FDJ14,OUT018,0
FDU32,OUT017,0
FDD47,OUT027,0
DRF36,OUT035,0
FDM21,OUT046,0
FDV10,OUT018,0
FDH60,OUT018,0
FDX47,OUT010,0
FDT19,OUT019,0
FDO11,OUT045,0
FDH24,OUT027,0
FDL02,OUT018,0
FDB02,OUT049,0
FDA43,OUT046,0
FDG52,OUT045,0
DRC12,OUT013,0
FDY37,OUT018,0
NCU18,OUT045,0
FDU09,OUT035,0
DRJ25,OUT027,0
DRE12,OUT018,0
DRL47,OUT017,0
DRK01,OUT046,0
FDC22,OUT019,0
FDG44,OUT013,0
FDW04,OUT035,0
FDK09,OUT049,0
NCN43,OUT035,0
FDG04,OUT049,0
FDH32,OUT010,0
DRI47,OUT017,0
DRE15,OUT013,0
FDY11,OUT035,0
FDO60,OUT049,0
FDQ20,OUT018,0
FDO57,OUT027,0
FDT14,OUT019,0
FDA57,OUT049,0
DRN35,OUT017,0
FDJ03,OUT046,0
FDX28,OUT017,0
DRE25,OUT045,0
FDR09,OUT046,0
FDB23,OUT035,0
FDO08,OUT045,0
FDQ23,OUT049,0
FDW04,OUT013,0
DRK13,OUT010,0
NCL17,OUT027,0
FDY21,OUT035,0
FDJ38,OUT027,0
FDA37,OUT019,0
FDV43,OUT013,0
FDL36,OUT046,0
FDD53,OUT045,0
FDZ19,OUT010,0
FDV21,OUT045,0
NCL54,OUT018,0
DRI47,OUT027,0
DRG03,OUT049,0
FDG21,OUT013,0
FDW03,OUT018,0
NCI55,OUT046,0
DRC36,OUT019,0
FDH22,OUT017,0
FDV20,OUT045,0
NCU41,OUT027,0
FDN46,OUT027,0
FDK50,OUT045,0
NCA05,OUT027,0
DRH01,OUT018,0
FDT08,OUT018,0
FDM08,OUT018,0
FDZ07,OUT035,0
FDS22,OUT017,0
FDV35,OUT027,0
FDI28,OUT010,0
FDW58,OUT027,0
FDT52,OUT045,0
FDY34,OUT046,0
FDR10,OUT046,0
FDK57,OUT017,0
FDR02,OUT027,0
FDX49,OUT046,0
FDQ20,OUT046,0
DRK23,OUT045,0
NCW06,OUT046,0
FDR31,OUT017,0
NCE43,OUT013,0
DRO59,OUT027,0
FDN09,OUT049,0
FDR11,OUT046,0
FDO57,OUT013,0
NCX18,OUT017,0
FDB05,OUT018,0
FDQ08,OUT018,0
NCG43,OUT035,0
FDJ56,OUT013,0
FDA13,OUT010,0
FDO56,OUT017,0
FDB37,OUT018,0
FDZ02,OUT018,0
FDQ24,OUT046,0
FDM16,OUT013,0
FDU35,OUT049,0
FDT35,OUT035,0
NCX30,OUT049,0
FDG04,OUT017,0
FDI12,OUT035,0
FDE35,OUT035,0
NCP14,OUT027,0
NCY53,OUT045,0
FDP49,OUT017,0
FDQ04,OUT017,0
FDM39,OUT035,0
FDO58,OUT019,0
FDC56,OUT017,0
NCQ54,OUT046,0
FDV10,OUT027,0
NCK17,OUT046,0
NCF55,OUT027,0
FDV33,OUT013,0
NCH29,OUT019,0
FDA37,OUT027,0
FDH46,OUT018,0
FDS25,OUT035,0
FDH04,OUT027,0
FDX52,OUT046,0
NCD42,OUT017,0
FDW47,OUT017,0
FDL25,OUT027,0
NCJ06,OUT010,0
FDY09,OUT013,0
FDS40,OUT046,0
FDH41,OUT017,0
FDG38,OUT035,0
FDU03,OUT027,0
FDV20,OUT046,0
DRB13,OUT045,0
NCQ30,OUT013,0
NCH06,OUT013,0
FDU50,OUT018,0
NCO42,OUT019,0
FDW09,OUT018,0
FDH04,OUT013,0
FDC21,OUT045,0
FDL21,OUT049,0
FDM46,OUT010,0
FDT22,OUT019,0
FDB28,OUT035,0
FDI12,OUT018,0
FDA28,OUT045,0
FDF59,OUT013,0
FDM45,OUT027,0
FDQ56,OUT017,0
FDR46,OUT049,0
FDT01,OUT013,0
FDD16,OUT027,0
NCU30,OUT010,0
FDM40,OUT010,0
FDI56,OUT035,0
NCS30,OUT013,0
FDU08,OUT017,0
FDX51,OUT027,0
FDA43,OUT045,0
FDX59,OUT010,0
FDC37,OUT018,0
FDP58,OUT013,0
NCY42,OUT035,0
FDF21,OUT018,0
FDU10,OUT027,0
DRL47,OUT018,0
FDA58,OUT018,0
FDJ22,OUT049,0
FDK50,OUT046,0
FDO38,OUT035,0
DRF60,OUT035,0
NCZ42,OUT019,0
FDD35,OUT049,0
FDL25,OUT045,0
FDJ16,OUT013,0
DRK59,OUT049,0
FDI50,OUT046,0
NCB19,OUT045,0
DRI37,OUT035,0
FDA14,OUT027,0
FDC08,OUT018,0
FDS45,OUT046,0
FDI21,OUT049,0
DRJ47,OUT035,0
DRE37,OUT027,0
FDT55,OUT018,0
NCG42,OUT027,0
FDA31,OUT049,0
NCW42,OUT046,0
FDF50,OUT017,0
FDK56,OUT049,0
FDX10,OUT035,0
NCK07,OUT027,0
FDZ49,OUT017,0
FDR33,OUT013,0
FDO44,OUT018,0
FDA20,OUT046,0
NCL30,OUT045,0
FDI05,OUT019,0
FDQ12,OUT018,0
FDH47,OUT017,0
FDH34,OUT018,0
FDF29,OUT046,0
FDG40,OUT018,0
NCE18,OUT017,0
FDP21,OUT010,0
FDY50,OUT013,0
FDB36,OUT049,0
NCZ29,OUT049,0
FDU20,OUT018,0
FDO56,OUT013,0
FDW31,OUT049,0
DRH59,OUT013,0
NCB30,OUT017,0
FDK43,OUT027,0
FDW43,OUT045,0
NCL19,OUT017,0
FDJ27,OUT046,0
FDC45,OUT046,0
FDY40,OUT035,0
NCM41,OUT035,0
NCK18,OUT019,0
FDP37,OUT049,0
FDA27,OUT027,0
NCX30,OUT035,0
FDR09,OUT017,0
FDG08,OUT027,0
NCU30,OUT013,0
FDB16,OUT017,0
FDM16,OUT017,0
FDC48,OUT013,0
NCF18,OUT046,0
FDU46,OUT018,0
FDH41,OUT018,0
NCN42,OUT010,0
FDU49,OUT046,0
FDB20,OUT027,0
FDG50,OUT019,0
FDW20,OUT045,0
NCO55,OUT049,0
FDX48,OUT046,0
FDU48,OUT046,0
FDR48,OUT019,0
FDK27,OUT013,0
FDT35,OUT013,0
FDN12,OUT049,0
NCE31,OUT019,0
FDL21,OUT017,0
FDV56,OUT017,0
FDR16,OUT017,0
NCP41,OUT049,0
FDJ27,OUT013,0
FDA07,OUT017,0
FDK55,OUT049,0
FDM33,OUT049,0
FDY46,OUT046,0
FDD36,OUT046,0
FDB12,OUT027,0
FDF28,OUT019,0
NCE07,OUT019,0
FDW50,OUT027,0
NCW18,OUT017,0
NCJ17,OUT019,0
DRZ24,OUT010,0
FDS07,OUT035,0
NCW05,OUT010,0
FDZ22,OUT018,0
FDK02,OUT046,0
FDZ45,OUT027,0
FDL25,OUT046,0
FDS08,OUT045,0
NCZ42,OUT027,0
FDX57,OUT035,0
FDF21,OUT046,0
FDJ56,OUT018,0
FDX10,OUT013,0
DRG48,OUT035,0
DRN37,OUT046,0
NCY41,OUT018,0
FDN28,OUT045,0
FDE34,OUT045,0
FDR10,OUT045,0
FDC32,OUT017,0
DRG13,OUT046,0
FDP59,OUT049,0
NCT53,OUT010,0
FDL57,OUT027,0
FDN32,OUT010,0
FDK09,OUT018,0
FDA52,OUT010,0
FDC57,OUT049,0
FDI09,OUT035,0
NCB07,OUT046,0
FDP26,OUT035,0
FDP40,OUT027,0
FDL15,OUT013,0
FDV07,OUT046,0
FDS03,OUT017,0
FDE50,OUT049,0
FDQ15,OUT017,0
FDQ33,OUT010,0
FDT22,OUT013,0
DRO35,OUT035,0
FDJ41,OUT049,0
FDQ27,OUT035,0
FDC26,OUT017,0
NCF43,OUT027,0
NCR50,OUT035,0
FDE39,OUT018,0
FDN49,OUT027,0
DRG11,OUT035,0
NCA18,OUT049,0
FDM36,OUT018,0
FDW32,OUT017,0
NCQ18,OUT010,0
FDX14,OUT027,0
FDD46,OUT017,0
FDI34,OUT019,0
NCJ17,OUT035,0
FDB52,OUT035,0
FDV55,OUT018,0
FDC57,OUT046,0
FDB29,OUT046,0
NCO43,OUT035,0
FDG44,OUT045,0
FDJ34,OUT045,0
FDH40,OUT049,0
NCD07,OUT027,0
FDB41,OUT017,0
FDH47,OUT018,0
DRK37,OUT035,0
FDM25,OUT019,0
NCX06,OUT045,0
NCS05,OUT017,0
FDS39,OUT045,0
FDC47,OUT027,0
FDG20,OUT013,0
DRL23,OUT017,0
FDY33,OUT013,0
NCH18,OUT045,0
FDX47,OUT035,0
NCB06,OUT045,0
FDP36,OUT049,0
FDW44,OUT018,0
NCU41,OUT018,0
NCS17,OUT046,0
FDD46,OUT035,0
FDE45,OUT017,0
FDI09,OUT017,0
NCJ54,OUT010,0
NCA29,OUT018,0
NCN41,OUT027,0
FDY34,OUT035,0
NCG55,OUT035,0
DRM49,OUT046,0
NCB42,OUT049,0
FDE58,OUT045,0
DRJ25,OUT013,0
FDS47,OUT010,0
FDY21,OUT049,0
NCI54,OUT013,0
FDO24,OUT017,0
FDY43,OUT035,0
FDF35,OUT018,0
NCP29,OUT019,0
FDN28,OUT027,0
FDJ50,OUT018,0
FDQ14,OUT027,0
FDC37,OUT035,0
FDN08,OUT046,0
FDD04,OUT035,0
FDW34,OUT018,0
FDP04,OUT017,0
NCG07,OUT017,0
NCN14,OUT018,0
FDJ16,OUT045,0
NCM42,OUT045,0
NCF19,OUT046,0
FDY21,OUT018,0
FDY19,OUT035,0
FDV09,OUT045,0
FDA28,OUT013,0
FDC38,OUT018,0
FDL28,OUT045,0
NCH43,OUT049,0
NCN53,OUT045,0
NCW05,OUT017,0
NCO30,OUT018,0
FDT04,OUT019,0
FDB27,OUT018,0
NCK07,OUT013,0
NCA53,OUT013,0
FDB33,OUT018,0
FDU37,OUT017,0
FDR13,OUT035,0
FDE45,OUT049,0
FDV37,OUT017,0
FDX44,OUT019,0
NCL06,OUT017,0
FDJ28,OUT045,0
FDX55,OUT049,0
NCK17,OUT018,0
FDH52,OUT035,0
FDN13,OUT027,0
FDK44,OUT018,0
FDU16,OUT046,0
FDZ07,OUT017,0
NCN06,OUT027,0
FDH02,OUT010,0
NCW18,OUT045,0
FDH57,OUT013,0
FDV35,OUT045,0
NCU29,OUT013,0
NCP02,OUT046,0
FDN44,OUT013,0
FDX03,OUT018,0
FDR11,OUT010,0
FDA36,OUT046,0
FDP58,OUT027,0
FDH31,OUT045,0
FDH34,OUT035,0
FDS13,OUT035,0
FDT01,OUT018,0
FDY09,OUT049,0
FDV33,OUT027,0
NCW29,OUT010,0
NCN17,OUT045,0
FDX01,OUT046,0
FDL03,OUT049,0
DRL59,OUT049,0
DRM11,OUT027,0
FDA43,OUT049,0
FDZ56,OUT010,0
FDI44,OUT018,0
FDB50,OUT013,0
FDU15,OUT019,0
NCJ19,OUT019,0
FDD48,OUT013,0
NCW42,OUT035,0
FDL24,OUT017,0
NCB30,OUT013,0
FDK25,OUT013,0
FDW28,OUT049,0
FDD47,OUT017,0
FDK16,OUT019,0
FDW37,OUT046,0
FDA48,OUT035,0
FDA14,OUT017,0
FDV15,OUT013,0
FDN22,OUT049,0
NCD55,OUT045,0
FDY43,OUT013,0
NCU05,OUT017,0
FDF10,OUT035,0
FDR39,OUT018,0
FDG40,OUT013,0
FDZ28,OUT019,0
FDE02,OUT045,0
FDU60,OUT049,0
FDM21,OUT013,0
FDV52,OUT019,0
NCW06,OUT013,0
FDX36,OUT035,0
FDT35,OUT027,0
NCL19,OUT010,0
NCD31,OUT046,0
FDE53,OUT019,0
FDW58,OUT019,0
DRF48,OUT046,0
FDW57,OUT035,0
DRH13,OUT017,0
FDT33,OUT013,0
DRK47,OUT027,0
FDY22,OUT010,0
FDC35,OUT019,0
FDO03,OUT013,0
FDF24,OUT045,0
FDF56,OUT018,0
FDD28,OUT013,0
FDG53,OUT027,0
FDO27,OUT019,0
NCF54,OUT018,0
FDC20,OUT027,0
FDU10,OUT046,0
DRA24,OUT018,0
FDA02,OUT010,0
FDG10,OUT017,0
FDW39,OUT010,0
FDP04,OUT019,0
NCM55,OUT013,0
FDG47,OUT045,0
NCU41,OUT017,0
NCK31,OUT017,0
FDZ46,OUT045,0
FDU13,OUT027,0
NCF19,OUT045,0
NCJ43,OUT013,0
NCJ05,OUT045,0
FDS04,OUT027,0
FDX28,OUT010,0
FDB41,OUT027,0
FDG53,OUT046,0
FDL15,OUT010,0
FDQ08,OUT049,0
DRN36,OUT013,0
FDI46,OUT013,0
FDG16,OUT027,0
FDV32,OUT013,0
FDF44,OUT010,0
FDK04,OUT018,0
NCA41,OUT013,0
FDD51,OUT017,0
NCZ53,OUT045,0
FDP01,OUT027,0
FDY25,OUT049,0
FDB17,OUT018,0
NCV54,OUT018,0
FDJ32,OUT017,0
FDA37,OUT049,0
FDG35,OUT035,0
NCM05,OUT018,0
FDG45,OUT046,0
FDH28,OUT013,0
NCE18,OUT049,0
FDH38,OUT045,0
FDR56,OUT013,0
FDH17,OUT027,0
FDD39,OUT049,0
FDB41,OUT049,0
NCR53,OUT046,0
FDX46,OUT017,0
FDV28,OUT049,0
FDA08,OUT018,0
FDH45,OUT017,0
NCS38,OUT010,0
FDD40,OUT010,0
DRM59,OUT035,0
NCJ43,OUT018,0
NCN29,OUT013,0
NCC19,OUT045,0
FDR56,OUT035,0
FDZ43,OUT049,0
FDJ32,OUT010,0
DRH03,OUT017,0
NCZ54,OUT035,0
FDE26,OUT017,0
FDS03,OUT045,0
DRZ24,OUT019,0
FDO48,OUT027,0
FDW39,OUT049,0
NCK05,OUT049,0
NCK30,OUT017,0
FDT27,OUT018,0
FDS08,OUT019,0
NCJ19,OUT049,0
FDC58,OUT045,0
DRE37,OUT013,0
FDW02,OUT035,0
FDJ02,OUT010,0
FDX09,OUT045,0
FDT31,OUT010,0
FDI24,OUT049,0
FDY09,OUT045,0
FDV28,OUT045,0
DRM47,OUT049,0
FDT52,OUT019,0
FDI48,OUT018,0
FDY55,OUT017,0
FDU48,OUT013,0
FDN25,OUT045,0
FDP20,OUT049,0
FDJ15,OUT013,0
FDD04,OUT018,0
FDY58,OUT045,0
FDR37,OUT018,0
FDF44,OUT013,0
FDD32,OUT045,0
FDR57,OUT017,0
DRG39,OUT027,0
FDX15,OUT017,0
DRN37,OUT045,0
FDW40,OUT027,0
FDB32,OUT049,0
FDM40,OUT018,0
FDE39,OUT027,0
DRH49,OUT017,0
FDT46,OUT049,0
NCF06,OUT035,0
FDP07,OUT017,0
FDC04,OUT013,0
FDZ32,OUT017,0
FDD50,OUT045,0
FDU56,OUT017,0
FDV34,OUT017,0
NCY41,OUT013,0
NCK18,OUT046,0
DRH25,OUT049,0
FDT57,OUT046,0
FDV56,OUT018,0
FDV12,OUT045,0
FDN52,OUT017,0
FDX38,OUT035,0
FDE47,OUT018,0
NCO07,OUT013,0
FDV09,OUT027,0
FDZ23,OUT019,0
DRH51,OUT018,0
NCY54,OUT045,0
DRG49,OUT013,0
NCC19,OUT049,0
NCV53,OUT045,0
FDZ47,OUT019,0
NCO26,OUT018,0
NCP02,OUT045,0
NCW30,OUT018,0
NCN55,OUT046,0
FDB20,OUT010,0
DRL11,OUT013,0
DRD60,OUT045,0
FDW14,OUT010,0
FDL27,OUT010,0
FDU09,OUT018,0
DRH36,OUT027,0
FDP34,OUT027,0
FDE04,OUT017,0
FDZ57,OUT027,0
FDF02,OUT010,0
FDG28,OUT045,0
NCI31,OUT046,0
FDT43,OUT013,0
FDU20,OUT046,0
FDD53,OUT013,0
FDW15,OUT045,0
NCT53,OUT045,0
NCG55,OUT027,0
FDD48,OUT035,0
FDG47,OUT049,0
FDI21,OUT017,0
FDT27,OUT017,0
DRO35,OUT013,0
FDD33,OUT017,0
FDC04,OUT035,0
FDY34,OUT013,0
DRJ49,OUT049,0
FDE05,OUT049,0
FDU31,OUT017,0
NCN19,OUT027,0
FDK56,OUT027,0
FDK58,OUT017,0
NCJ42,OUT035,0
FDZ34,OUT027,0
FDA52,OUT018,0
NCR29,OUT013,0
FDT48,OUT035,0
DRJ51,OUT019,0
NCS54,OUT046,0
FDV01,OUT035,0
DRG51,OUT027,0
NCG42,OUT013,0
FDA51,OUT049,0
FDV19,OUT010,0
NCT18,OUT045,0
NCS41,OUT045,0
FDO03,OUT046,0
FDL12,OUT010,0
FDY37,OUT010,0
FDI58,OUT049,0
FDT28,OUT018,0
NCC42,OUT010,0
FDO01,OUT017,0
FDJ02,OUT013,0
FDQ04,OUT018,0
DRL47,OUT013,0
FDZ32,OUT035,0
FDC35,OUT035,0
FDX14,OUT045,0
FDZ35,OUT013,0
FDL14,OUT013,0
FDO04,OUT049,0
DRK11,OUT017,0
FDB44,OUT018,0
FDZ50,OUT049,0
FDI12,OUT027,0
FDU43,OUT017,0
FDD58,OUT010,0
FDB27,OUT017,0
FDB04,OUT018,0
NCO17,OUT013,0
FDL12,OUT017,0
DRJ13,OUT049,0
FDD57,OUT045,0
FDW19,OUT035,0
DRD27,OUT018,0
FDH27,OUT027,0
NCW30,OUT027,0
FDR40,OUT018,0
FDG05,OUT013,0
NCY41,OUT019,0
FDI38,OUT018,0
FDR20,OUT046,0
FDE09,OUT017,0
FDN50,OUT019,0
DRF27,OUT045,0
DRF51,OUT013,0
NCO02,OUT019,0
FDB51,OUT027,0
FDJ50,OUT013,0
FDN52,OUT013,0
FDX14,OUT013,0
FDT27,OUT019,0
FDV10,OUT013,0
FDU33,OUT046,0
FDU58,OUT046,0
NCP42,OUT027,0
FDL51,OUT027,0
DRH15,OUT027,0
FDU16,OUT017,0
FDW15,OUT017,0
FDQ44,OUT045,0
NCI06,OUT027,0
DRK23,OUT019,0
FDC28,OUT035,0
NCY17,OUT019,0
NCV05,OUT018,0
FDM34,OUT019,0
DRD60,OUT027,0
FDT38,OUT046,0
FDQ57,OUT018,0
FDE59,OUT027,0
NCM43,OUT046,0
DRI51,OUT049,0
NCG30,OUT017,0
NCK54,OUT035,0
FDQ16,OUT019,0
FDI36,OUT013,0
FDX16,OUT027,0
FDA34,OUT046,0
FDJ48,OUT018,0
FDU47,OUT035,0
FDS39,OUT046,0
FDD11,OUT046,0
FDM16,OUT027,0
FDU56,OUT018,0
FDQ32,OUT017,0
DRK35,OUT013,0
FDA58,OUT049,0
DRG48,OUT019,0
FDT59,OUT010,0
FDQ31,OUT019,0
FDS51,OUT018,0
FDW32,OUT027,0
FDI15,OUT027,0
NCV30,OUT017,0
DRG25,OUT049,0
FDT02,OUT013,0
FDO33,OUT027,0
FDP38,OUT035,0
FDZ45,OUT035,0
NCA54,OUT027,0
FDU33,OUT017,0
FDN58,OUT017,0
FDI05,OUT045,0
FDM57,OUT019,0
NCS42,OUT027,0
FDB57,OUT045,0
FDC03,OUT045,0
FDZ58,OUT013,0
NCK29,OUT045,0
NCR53,OUT045,0
FDE26,OUT027,0
FDU52,OUT049,0
FDE41,OUT027,0
FDU38,OUT018,0
FDA52,OUT017,0
FDW46,OUT046,0
DRI59,OUT035,0
FDT38,OUT035,0
FDL33,OUT018,0
FDQ01,OUT027,0
FDJ08,OUT046,0
FDQ47,OUT049,0
NCZ18,OUT013,0
FDE29,OUT017,0
FDF10,OUT027,0
FDC48,OUT049,0
FDY58,OUT013,0
NCX30,OUT010,0
FDV11,OUT013,0
FDT46,OUT046,0
DRD01,OUT019,0
FDQ11,OUT013,0
NCM41,OUT017,0
NCC55,OUT013,0
FDG45,OUT027,0
NCQ54,OUT049,0
FDM34,OUT045,0
FDD17,OUT019,0
FDN38,OUT027,0
FDB53,OUT018,0
NCL06,OUT035,0
NCV18,OUT019,0
FDX25,OUT013,0
FDB39,OUT046,0
FDC33,OUT049,0
NCO14,OUT018,0
FDA58,OUT027,0
NCQ02,OUT017,0
NCR53,OUT017,0
FDN52,OUT046,0
FDG26,OUT046,0
FDE23,OUT027,0
DRI37,OUT013,0
DRH37,OUT018,0
FDO01,OUT035,0
FDK45,OUT049,0
FDP23,OUT049,0
FDM33,OUT035,0
FDD36,OUT017,0
FDL56,OUT017,0
FDT27,OUT010,0
FDG52,OUT017,0
NCL42,OUT035,0
DRJ24,OUT046,0
FDV38,OUT046,0
FDT35,OUT045,0
FDY51,OUT045,0
FDC37,OUT017,0
NCP43,OUT013,0
FDO33,OUT045,0
FDW04,OUT018,0
NCC31,OUT046,0
FDK22,OUT049,0
FDJ50,OUT017,0
FDV13,OUT017,0
DRL60,OUT017,0
FDW03,OUT017,0
FDY27,OUT035,0
FDB39,OUT027,0
FDU59,OUT045,0
FDZ57,OUT049,0
FDO21,OUT049,0
FDS43,OUT018,0
FDU28,OUT010,0
FDC51,OUT010,0
FDW16,OUT010,0
FDP32,OUT010,0
FDB60,OUT019,0
NCQ30,OUT046,0
FDD26,OUT049,0
FDI44,OUT045,0
DRH23,OUT046,0
FDO44,OUT046,0
FDG04,OUT046,0
FDM32,OUT027,0
FDM09,OUT013,0
FDZ47,OUT013,0
FDM40,OUT027,0
FDY48,OUT017,0
NCM30,OUT045,0
FDX36,OUT010,0
DRF03,OUT017,0
FDN51,OUT049,0
FDM57,OUT049,0
FDB35,OUT049,0
FDY13,OUT027,0
FDA37,OUT017,0
NCX53,OUT017,0
FDD59,OUT018,0
FDX10,OUT019,0
FDC03,OUT018,0
FDW43,OUT035,0
FDW10,OUT046,0
FDY14,OUT027,0
FDV43,OUT045,0
FDO40,OUT013,0
FDP46,OUT027,0
NCE43,OUT019,0
FDD05,OUT035,0
FDJ60,OUT010,0
DRE27,OUT018,0
FDO11,OUT035,0
DRG11,OUT027,0
FDK33,OUT010,0
DRM23,OUT045,0
FDJ02,OUT027,0
NCZ05,OUT045,0
NCL30,OUT013,0
FDZ19,OUT018,0
FDM45,OUT049,0
FDO36,OUT046,0
NCK31,OUT045,0
DRJ37,OUT045,0
FDP24,OUT018,0
FDF46,OUT013,0
FDX46,OUT019,0
NCL18,OUT045,0
FDJ26,OUT013,0
FDJ07,OUT045,0
FDY15,OUT013,0
DRG01,OUT045,0
FDF58,OUT045,0
FDZ14,OUT019,0
FDP31,OUT049,0
FDH45,OUT013,0
FDA09,OUT010,0
FDW31,OUT035,0
FDA57,OUT046,0
NCE55,OUT035,0
FDC17,OUT019,0
FDC59,OUT013,0
FDA22,OUT013,0
FDK52,OUT035,0
NCM26,OUT046,0
NCT53,OUT035,0
FDW45,OUT018,0
NCI18,OUT035,0
FDE38,OUT018,0
FDF08,OUT019,0
FDY58,OUT010,0
FDF58,OUT019,0
FDX39,OUT017,0
FDB44,OUT049,0
FDF28,OUT013,0
FDE39,OUT013,0
FDT37,OUT018,0
FDZ45,OUT017,0
FDO40,OUT035,0
FDM57,OUT027,0
DRG36,OUT017,0
FDY36,OUT010,0
DRL60,OUT027,0
FDS25,OUT019,0
DRF49,OUT027,0
FDP16,OUT045,0
FDS60,OUT049,0
FDU15,OUT027,0
FDK43,OUT046,0
FDN25,OUT046,0
FDE53,OUT049,0
FDB22,OUT013,0
FDE39,OUT017,0
FDX35,OUT035,0
NCG54,OUT049,0
FDH27,OUT035,0
NCK42,OUT013,0
FDS25,OUT049,0
FDI10,OUT018,0
FDU35,OUT035,0
FDI04,OUT017,0
DRK23,OUT035,0
FDB53,OUT019,0
FDY02,OUT049,0
FDM60,OUT035,0
NCJ31,OUT010,0
DRP35,OUT017,0
NCQ30,OUT018,0
DRL11,OUT010,0
FDU01,OUT013,0
FDR39,OUT035,0
FDO08,OUT046,0
FDC02,OUT045,0
NCZ29,OUT035,0
FDF29,OUT010,0
FDZ23,OUT017,0
NCU53,OUT018,0
NCW30,OUT013,0
NCM26,OUT027,0
FDV50,OUT027,0
FDW15,OUT049,0
FDI35,OUT027,0
FDO11,OUT017,0
FDN48,OUT046,0
NCA17,OUT049,0
NCN54,OUT013,0
FDP22,OUT013,0
NCB54,OUT035,0
FDD08,OUT045,0
DRM48,OUT010,0
FDG41,OUT027,0
FDE44,OUT027,0
FDE26,OUT035,0
NCS38,OUT013,0
NCJ54,OUT018,0
FDI40,OUT019,0
FDN45,OUT018,0
FDU43,OUT046,0
FDI04,OUT010,0
NCC07,OUT018,0
NCC07,OUT019,0
NCD18,OUT045,0
FDU55,OUT035,0
FDX59,OUT035,0
FDR52,OUT049,0
NCP17,OUT013,0
FDQ32,OUT045,0
NCT17,OUT049,0
FDO10,OUT049,0
FDE32,OUT049,0
FDN44,OUT045,0
FDH02,OUT035,0
FDK60,OUT013,0
FDS24,OUT019,0
FDL03,OUT010,0
FDB46,OUT027,0
FDO48,OUT049,0
FDZ39,OUT049,0
FDT02,OUT027,0
FDC50,OUT013,0
FDP39,OUT035,0
DRG15,OUT018,0
FDP10,OUT018,0
FDF53,OUT027,0
FDN34,OUT045,0
FDK02,OUT045,0
FDC23,OUT045,0
FDJ10,OUT019,0
FDE53,OUT035,0
FDR25,OUT035,0
FDW50,OUT046,0
FDS09,OUT049,0
FDW49,OUT010,0
FDU51,OUT046,0
FDF28,OUT018,0
NCY30,OUT018,0
FDD44,OUT045,0
FDX09,OUT017,0
NCF30,OUT013,0
FDZ50,OUT019,0
FDW37,OUT013,0
FDD11,OUT049,0
DRH39,OUT018,0
FDA36,OUT049,0
NCG43,OUT049,0
FDF02,OUT035,0
FDP57,OUT027,0
NCE42,OUT017,0
NCR38,OUT027,0
FDP03,OUT019,0
FDO51,OUT035,0
NCQ42,OUT046,0
NCM41,OUT046,0
FDH48,OUT027,0
DRF60,OUT046,0
FDJ27,OUT035,0
FDQ14,OUT013,0
FDN27,OUT017,0
NCQ02,OUT046,0
FDJ33,OUT049,0
FDP07,OUT027,0
DRE01,OUT049,0
FDU36,OUT045,0
FDL28,OUT017,0
NCX53,OUT046,0
FDZ39,OUT013,0
NCP42,OUT013,0
FDJ14,OUT035,0
FDK04,OUT049,0
NCC19,OUT017,0
FDS09,OUT018,0
FDZ02,OUT046,0
FDD35,OUT018,0
NCY42,OUT017,0
FDB05,OUT045,0
FDF20,OUT035,0
NCO41,OUT018,0
FDC40,OUT027,0
FDV58,OUT045,0
FDZ57,OUT045,0
DRM35,OUT046,0
DRN36,OUT018,0
FDQ13,OUT046,0
DRO35,OUT010,0
NCD43,OUT035,0
FDA51,OUT018,0
NCX17,OUT027,0
NCZ17,OUT049,0
FDR11,OUT027,0
FDW34,OUT049,0
FDN50,OUT017,0
FDS09,OUT046,0
FDS48,OUT018,0
FDL44,OUT049,0
DRF48,OUT018,0
FDA14,OUT018,0
NCD30,OUT049,0
FDI16,OUT017,0
NCG06,OUT035,0
DRZ24,OUT035,0
NCS17,OUT045,0
FDB37,OUT045,0
FDE10,OUT035,0
FDC57,OUT045,0
FDM12,OUT018,0
FDE24,OUT049,0
FDW22,OUT045,0
DRD01,OUT027,0
NCZ18,OUT027,0
FDN49,OUT045,0
FDR22,OUT035,0
FDV08,OUT019,0
FDY39,OUT046,0
FDV36,OUT049,0
FDO60,OUT045,0
FDU04,OUT027,0
FDR20,OUT027,0
FDW19,OUT019,0
FDU40,OUT049,0
FDK15,OUT045,0
DRF15,OUT035,0
FDQ25,OUT017,0
FDI48,OUT019,0
FDS49,OUT046,0
FDV22,OUT046,0
NCV42,OUT046,0
FDX26,OUT046,0
FDI33,OUT018,0
FDZ14,OUT049,0
FDG10,OUT013,0
FDM38,OUT018,0
FDG26,OUT027,0
FDH46,OUT035,0
FDN13,OUT018,0
FDU57,OUT035,0
NCI06,OUT046,0
FDM38,OUT045,0
NCG42,OUT010,0
FDL39,OUT045,0
FDT31,OUT019,0
FDV59,OUT013,0
FDB49,OUT035,0
FDD58,OUT049,0
DRN59,OUT046,0
FDX48,OUT049,0
FDQ11,OUT049,0
FDY12,OUT049,0
FDQ11,OUT045,0
DRI11,OUT017,0
FDY32,OUT027,0
FDS51,OUT045,0
FDR19,OUT010,0
DRB13,OUT018,0
FDS21,OUT035,0
FDQ40,OUT045,0
NCE55,OUT013,0
FDX43,OUT027,0
FDS12,OUT049,0
DRK01,OUT027,0
FDN25,OUT017,0
FDB60,OUT046,0
FDQ13,OUT017,0
DRK13,OUT045,0
DRF25,OUT018,0
NCD42,OUT019,0
FDW25,OUT045,0
NCV29,OUT027,0
NCK42,OUT035,0
DRJ13,OUT027,0
DRD15,OUT017,0
FDM27,OUT045,0
FDZ50,OUT018,0
FDC04,OUT046,0
FDF50,OUT049,0
FDP15,OUT045,0
FDK46,OUT035,0
FDZ56,OUT018,0
FDY60,OUT049,0
FDB10,OUT035,0
FDR57,OUT045,0
FDU58,OUT049,0
FDH02,OUT046,0
FDP48,OUT013,0
FDI46,OUT035,0
FDW56,OUT013,0
NCM19,OUT010,0
FDS50,OUT027,0
FDK24,OUT013,0
FDO36,OUT017,0
FDK45,OUT027,0
NCL05,OUT045,0
FDL32,OUT018,0
FDA28,OUT049,0
FDY36,OUT018,0
FDP32,OUT018,0
FDL50,OUT046,0
DRC24,OUT049,0
NCS18,OUT017,0
FDD16,OUT017,0
NCV18,OUT013,0
FDX07,OUT046,0
NCZ05,OUT027,0
NCI31,OUT013,0
FDK14,OUT049,0
NCR06,OUT045,0
NCF54,OUT049,0
DRG23,OUT010,0
FDD53,OUT046,0
NCM31,OUT027,0
FDT16,OUT017,0
FDR40,OUT035,0
DRG25,OUT017,0
FDT10,OUT035,0
FDY32,OUT013,0
FDN50,OUT035,0
FDZ35,OUT019,0
NCP54,OUT045,0
NCD07,OUT035,0
FDS02,OUT018,0
DRN59,OUT018,0
DRB24,OUT013,0
FDP37,OUT027,0
DRB01,OUT018,0
FDR47,OUT046,0
NCM31,OUT010,0
NCF06,OUT027,0
NCV17,OUT027,0
FDS10,OUT049,0
FDN52,OUT035,0
FDZ48,OUT013,0
FDJ48,OUT049,0
DRB13,OUT027,0
FDV59,OUT017,0
FDL32,OUT035,0
FDZ12,OUT035,0
NCR06,OUT027,0
FDP51,OUT017,0
FDY22,OUT013,0
FDZ38,OUT049,0
NCO54,OUT035,0
FDR23,OUT035,0
FDM38,OUT049,0
FDS25,OUT013,0
FDZ22,OUT013,0
FDZ20,OUT019,0
FDD45,OUT010,0
FDN03,OUT049,0
NCW30,OUT046,0
FDY24,OUT027,0
FDJ26,OUT019,0
FDM15,OUT049,0
NCW54,OUT027,0
FDA23,OUT045,0
FDA39,OUT019,0
FDZ12,OUT017,0
NCB42,OUT046,0
FDL16,OUT046,0
FDO24,OUT019,0
NCP42,OUT046,0
FDR19,OUT018,0
DRL01,OUT045,0
FDV37,OUT046,0
FDI41,OUT010,0
FDF58,OUT049,0
NCF43,OUT018,0
FDN02,OUT049,0
NCP41,OUT035,0
NCY17,OUT027,0
FDL58,OUT027,0
NCA30,OUT027,0
FDE46,OUT018,0
FDY38,OUT035,0
NCH29,OUT027,0
FDO20,OUT045,0
FDP44,OUT018,0
FDM02,OUT027,0
FDJ14,OUT027,0
FDH04,OUT010,0
DRK23,OUT046,0
NCW05,OUT046,0
FDF12,OUT049,0
FDL51,OUT019,0
FDN03,OUT018,0
DRJ37,OUT049,0
FDM12,OUT019,0
FDA16,OUT045,0
NCB07,OUT017,0
NCI17,OUT019,0
FDR51,OUT046,0
FDJ55,OUT045,0
NCZ17,OUT013,0
FDU25,OUT013,0
NCG18,OUT045,0
DRM11,OUT017,0
FDH16,OUT035,0
FDZ04,OUT018,0
NCX53,OUT035,0
FDX38,OUT027,0
FDX09,OUT046,0
NCW05,OUT018,0
NCS41,OUT017,0
FDI26,OUT046,0
NCZ41,OUT027,0
NCK06,OUT046,0
FDX23,OUT027,0
NCA42,OUT046,0
FDC20,OUT049,0
DRC49,OUT018,0
FDX01,OUT013,0
FDC08,OUT045,0
FDC02,OUT017,0
FDK10,OUT045,0
DRC24,OUT013,0
FDW16,OUT019,0
NCU06,OUT018,0
DRA59,OUT045,0
FDR24,OUT019,0
DRL35,OUT018,0
FDA49,OUT013,0
NCC55,OUT046,0
DRD24,OUT019,0
NCE55,OUT049,0
FDT33,OUT045,0
NCT53,OUT013,0
FDS26,OUT046,0
FDL22,OUT018,0
FDP44,OUT017,0
FDC52,OUT018,0
FDI53,OUT010,0
FDZ23,OUT046,0
NCT18,OUT013,0
FDR13,OUT046,0
FDB09,OUT010,0
FDZ60,OUT013,0
FDB11,OUT046,0
FDC10,OUT018,0
FDW56,OUT035,0
FDK14,OUT027,0
DRE27,OUT027,0
FDA38,OUT017,0
FDT11,OUT045,0
FDP15,OUT035,0
FDV27,OUT035,0
FDS36,OUT027,0
FDY40,OUT027,0
NCF19,OUT049,0
FDF53,OUT045,0
FDS14,OUT027,0
FDE56,OUT046,0
FDZ19,OUT035,0
FDZ46,OUT013,0
FDR16,OUT046,0
FDG29,OUT018,0
NCE30,OUT017,0
FDZ40,OUT046,0
FDG58,OUT018,0
DRH03,OUT013,0
FDZ47,OUT045,0
FDV04,OUT018,0
FDZ10,OUT018,0
FDG46,OUT017,0
NCF07,OUT045,0
FDY44,OUT035,0
FDB21,OUT013,0
FDS20,OUT035,0
FDS49,OUT049,0
FDX55,OUT027,0
NCQ02,OUT018,0
FDR25,OUT013,0
DRG39,OUT045,0
FDB46,OUT046,0
NCC30,OUT018,0
FDE58,OUT035,0
FDC05,OUT019,0
FDY15,OUT046,0
FDG14,OUT046,0
FDL08,OUT049,0
FDQ47,OUT013,0
FDN12,OUT035,0
FDW10,OUT013,0
FDD02,OUT035,0
FDX35,OUT010,0
FDT35,OUT046,0
DRN47,OUT019,0
FDB11,OUT010,0
FDN20,OUT045,0
FDB59,OUT035,0
FDJ58,OUT045,0
FDU60,OUT046,0
FDS03,OUT049,0
FDU40,OUT019,0
DRH15,OUT049,0
FDD04,OUT027,0
FDQ01,OUT046,0
FDF28,OUT035,0
FDD22,OUT010,0
FDY19,OUT046,0
FDN33,OUT035,0
FDV36,OUT035,0
FDW01,OUT010,0
FDJ28,OUT049,0
FDB17,OUT035,0
FDM40,OUT049,0
FDV46,OUT045,0
FDQ44,OUT049,0
NCD42,OUT046,0
DRH37,OUT046,0
FDR10,OUT018,0
NCD06,OUT027,0
FDI53,OUT046,0
FDG16,OUT035,0
DRB25,OUT046,0
FDY09,OUT046,0
FDX48,OUT045,0
FDC03,OUT010,0
FDT47,OUT035,0
FDW44,OUT027,0
FDT24,OUT017,0
FDT12,OUT019,0
NCS38,OUT035,0
FDO39,OUT035,0
FDA13,OUT046,0
FDO48,OUT035,0
DRJ01,OUT017,0
FDD53,OUT018,0
NCT05,OUT049,0
FDQ51,OUT045,0
FDU60,OUT013,0
FDC59,OUT046,0
FDP36,OUT035,0
NCM19,OUT017,0
FDL16,OUT035,0
FDE50,OUT018,0
NCR18,OUT013,0
NCD30,OUT035,0
FDH31,OUT013,0
FDD56,OUT019,0
FDC47,OUT049,0
FDZ21,OUT045,0
FDM01,OUT049,0
FDF24,OUT013,0
FDW23,OUT017,0
FDY52,OUT018,0
DRH37,OUT027,0
DRO47,OUT027,0
FDR25,OUT049,0
FDQ24,OUT027,0
DRJ51,OUT018,0
NCU06,OUT035,0
NCV18,OUT018,0
NCC06,OUT027,0
FDZ01,OUT018,0
FDT14,OUT017,0
FDD11,OUT019,0
FDN09,OUT017,0
NCO18,OUT010,0
FDZ50,OUT045,0
FDS44,OUT013,0
FDI36,OUT045,0
FDA26,OUT010,0
NCY53,OUT049,0
FDF32,OUT049,0
FDF59,OUT010,0
FDB20,OUT046,0
DRH11,OUT035,0
FDT03,OUT049,0
NCH06,OUT035,0
FDR55,OUT049,0
FDI10,OUT035,0
FDZ12,OUT045,0
FDM12,OUT049,0
DRB25,OUT045,0
NCS41,OUT013,0
NCT53,OUT049,0
NCD55,OUT013,0
FDY08,OUT049,0
NCP55,OUT049,0
FDA33,OUT013,0
FDQ33,OUT013,0
FDE45,OUT027,0
FDT26,OUT013,0
NCV53,OUT049,0
FDK60,OUT027,0
NCJ29,OUT046,0
FDI15,OUT045,0
FDX21,OUT013,0
FDV49,OUT019,0
DRO59,OUT046,0
FDZ14,OUT045,0
FDP32,OUT027,0
FDC33,OUT017,0
FDT14,OUT010,0
NCN54,OUT027,0
FDR57,OUT027,0
DRK12,OUT046,0
FDX52,OUT049,0
FDX08,OUT010,0
FDP10,OUT010,0
NCP50,OUT045,0
NCL06,OUT013,0
FDP25,OUT013,0
FDE53,OUT013,0
FDL27,OUT017,0
FDC35,OUT049,0
DRJ47,OUT010,0
FDD16,OUT018,0
NCN42,OUT049,0
FDC38,OUT027,0
NCO07,OUT045,0
FDQ20,OUT049,0
FDI32,OUT046,0
FDN20,OUT010,0
DRJ51,OUT027,0
FDU08,OUT045,0
DRN37,OUT019,0
FDD05,OUT010,0
FDW15,OUT046,0
FDI52,OUT046,0
DRM11,OUT049,0
NCO06,OUT045,0
FDU38,OUT049,0
FDU59,OUT018,0
FDJ10,OUT046,0
FDM13,OUT049,0
NCJ30,OUT019,0
FDM45,OUT018,0
FDP36,OUT045,0
NCD30,OUT010,0
FDN48,OUT017,0
FDY32,OUT049,0
FDU47,OUT046,0
FDF17,OUT019,0
FDP34,OUT017,0
FDA47,OUT049,0
DRD27,OUT027,0
FDW38,OUT045,0
FDZ15,OUT019,0
FDZ03,OUT027,0
NCN19,OUT049,0
FDG02,OUT035,0
FDS31,OUT035,0
FDW43,OUT019,0
FDZ47,OUT010,0
FDO57,OUT017,0
NCL07,OUT013,0
NCV42,OUT013,0
FDP40,OUT017,0
FDP48,OUT019,0
FDH21,OUT017,0
NCP02,OUT049,0
FDK24,OUT049,0
FDC41,OUT045,0
FDF08,OUT017,0
FDO49,OUT017,0
FDS56,OUT027,0
FDX46,OUT018,0
FDQ07,OUT013,0
FDC32,OUT010,0
FDT21,OUT019,0
FDG58,OUT045,0
FDW14,OUT049,0
DRA12,OUT027,0
FDV27,OUT013,0
DRD25,OUT013,0
DRF48,OUT027,0
FDX24,OUT017,0
DRJ51,OUT046,0
FDE45,OUT045,0
FDE14,OUT046,0
FDG53,OUT045,0
FDT08,OUT046,0
DRC27,OUT027,0
FDG20,OUT035,0
FDC21,OUT046,0
FDV31,OUT018,0
FDB58,OUT045,0
FDV23,OUT046,0
FDA25,OUT019,0
FDC15,OUT046,0
FDU47,OUT049,0
FDE23,OUT013,0
FDS08,OUT013,0
FDW03,OUT027,0
FDJ60,OUT018,0
FDM34,OUT017,0
FDW33,OUT013,0
FDZ40,OUT013,0
FDE33,OUT018,0
NCC06,OUT010,0
FDU11,OUT046,0
FDL44,OUT017,0
NCZ29,OUT017,0
FDG28,OUT010,0
FDL12,OUT018,0
FDD52,OUT017,0
FDO15,OUT013,0
NCN29,OUT027,0
FDW36,OUT013,0
FDB21,OUT046,0
FDZ28,OUT013,0
FDY10,OUT035,0
DRG39,OUT017,0
FDN28,OUT013,0
FDV15,OUT035,0
DRI13,OUT035,0
FDH20,OUT046,0
FDY51,OUT013,0
FDE16,OUT013,0
FDX40,OUT018,0
FDC48,OUT018,0
FDS14,OUT046,0
FDX56,OUT017,0
FDI10,OUT046,0
FDI14,OUT013,0
DRM48,OUT013,0
NCH07,OUT027,0
FDY26,OUT013,0
FDD02,OUT027,0
FDM12,OUT046,0
DRF01,OUT010,0
FDV36,OUT046,0
DRI59,OUT013,0
FDV03,OUT018,0
FDO39,OUT017,0
NCB07,OUT018,0
FDH38,OUT027,0
FDZ13,OUT035,0
NCZ30,OUT046,0
NCA06,OUT035,0
FDB04,OUT049,0
FDN50,OUT013,0
NCG06,OUT049,0
NCY17,OUT018,0
FDC23,OUT046,0
FDK33,OUT049,0
FDR03,OUT049,0
FDZ07,OUT045,0
FDO38,OUT013,0
FDS59,OUT046,0
DRM11,OUT019,0
FDX52,OUT027,0
DRJ35,OUT018,0
NCP53,OUT046,0
FDW15,OUT019,0
DRI47,OUT045,0
DRZ11,OUT035,0
FDS02,OUT013,0
DRD49,OUT018,0
FDW38,OUT049,0
FDR21,OUT019,0
FDE40,OUT013,0
FDI02,OUT045,0
FDQ04,OUT045,0
FDY14,OUT017,0
NCT54,OUT046,0
DRD25,OUT017,0
DRE01,OUT045,0
FDJ12,OUT010,0
NCZ05,OUT049,0
DRB25,OUT019,0
NCC31,OUT045,0
FDM16,OUT045,0
DRG11,OUT049,0
FDV24,OUT027,0
FDV43,OUT046,0
FDG05,OUT018,0
FDV23,OUT010,0
FDI58,OUT018,0
FDQ11,OUT017,0
FDC05,OUT027,0
FDF40,OUT013,0
FDU02,OUT018,0
FDT32,OUT013,0
NCF06,OUT017,0
FDT46,OUT013,0
FDR58,OUT010,0
FDY04,OUT046,0
FDT58,OUT045,0
FDE46,OUT049,0
DRH11,OUT017,0
DRI51,OUT046,0
FDC35,OUT017,0
FDP45,OUT035,0
FDC45,OUT017,0
FDU01,OUT045,0
FDJ53,OUT010,0
FDJ46,OUT017,0
FDX07,OUT013,0
NCI30,OUT049,0
FDE47,OUT027,0
FDV48,OUT045,0
FDN16,OUT019,0
FDM52,OUT013,0
FDA32,OUT027,0
FDH05,OUT017,0
FDW25,OUT010,0
FDQ09,OUT046,0
NCM17,OUT010,0
DRM59,OUT046,0
FDV47,OUT027,0
DRE15,OUT035,0
FDS25,OUT010,0
NCZ05,OUT018,0
NCV05,OUT019,0
DRM37,OUT046,0
FDV58,OUT027,0
FDN22,OUT027,0
NCO06,OUT049,0
FDT56,OUT019,0
FDM02,OUT013,0
FDA09,OUT046,0
NCC06,OUT035,0
NCL54,OUT049,0
NCB55,OUT017,0
FDB12,OUT017,0
NCA54,OUT049,0
NCS38,OUT049,0
FDC02,OUT049,0
FDK44,OUT019,0
FDE16,OUT035,0
NCS05,OUT035,0
FDZ59,OUT045,0
FDI20,OUT017,0
FDQ14,OUT046,0
FDF53,OUT017,0
FDW25,OUT017,0
NCQ43,OUT010,0
FDX52,OUT013,0
FDE28,OUT045,0
FDN15,OUT017,0
FDO28,OUT017,0
FDQ33,OUT045,0
FDM22,OUT010,0
FDJ03,OUT017,0
FDI16,OUT045,0
FDI09,OUT027,0
FDX55,OUT013,0
FDS23,OUT027,0
DRC12,OUT045,0
FDH41,OUT049,0
FDN01,OUT013,0
FDV55,OUT045,0
NCJ19,OUT013,0
NCY29,OUT010,0
FDP03,OUT018,0
FDZ52,OUT045,0
FDH31,OUT010,0
FDQ19,OUT018,0
FDS15,OUT035,0
FDN32,OUT017,0
FDH32,OUT049,0
FDF33,OUT017,0
FDJ22,OUT046,0
FDG56,OUT010,0
FDC05,OUT046,0
FDK09,OUT013,0
NCV29,OUT045,0
NCC43,OUT019,0
NCA42,OUT049,0
FDC10,OUT046,0
FDC16,OUT013,0
NCL17,OUT013,0
FDA51,OUT035,0
FDW01,OUT017,0
NCF30,OUT045,0
FDN49,OUT013,0
FDY20,OUT045,0
FDC15,OUT045,0
FDY24,OUT046,0
NCG43,OUT017,0
FDA48,OUT013,0
NCF55,OUT017,0
FDL38,OUT049,0
NCQ29,OUT018,0
FDC34,OUT017,0
FDP36,OUT027,0
FDN50,OUT010,0
FDO23,OUT049,0
FDT56,OUT013,0
FDT13,OUT027,0
FDZ03,OUT013,0
FDQ03,OUT010,0
FDU44,OUT045,0
FDD03,OUT049,0
NCH30,OUT013,0
FDS60,OUT010,0
FDG08,OUT046,0
FDX38,OUT017,0
FDD22,OUT017,0
FDW51,OUT013,0
FDL09,OUT017,0
FDZ60,OUT045,0
NCH07,OUT046,0
NCQ41,OUT049,0
FDW04,OUT049,0
FDI08,OUT027,0
FDR19,OUT019,0
FDV13,OUT046,0
FDB52,OUT017,0
FDZ48,OUT027,0
NCO14,OUT049,0
FDZ50,OUT013,0
FDN27,OUT019,0
FDQ60,OUT013,0
FDR49,OUT017,0
DRJ35,OUT027,0
DRI49,OUT017,0
FDB47,OUT017,0
FDP37,OUT010,0
FDR26,OUT049,0
FDY31,OUT019,0
FDC11,OUT045,0
DRP47,OUT035,0
NCY54,OUT018,0
FDR27,OUT046,0
FDQ21,OUT019,0
NCQ29,OUT035,0
FDJ02,OUT046,0
FDE21,OUT018,0
FDM39,OUT046,0
FDZ01,OUT017,0
NCB19,OUT018,0
FDU03,OUT046,0
FDP27,OUT049,0
DRF01,OUT045,0
FDM03,OUT049,0
FDV01,OUT046,0
FDS16,OUT046,0
FDO45,OUT035,0
NCX06,OUT035,0
FDP13,OUT046,0
NCR38,OUT018,0
FDA01,OUT013,0
FDT26,OUT017,0
FDD44,OUT027,0
FDB26,OUT013,0
FDP45,OUT019,0
NCP55,OUT046,0
FDT23,OUT017,0
FDO51,OUT045,0
FDA44,OUT046,0
NCJ31,OUT018,0
FDX37,OUT045,0
NCD18,OUT049,0
FDN40,OUT027,0
FDL33,OUT017,0
DRF48,OUT035,0
FDW08,OUT035,0
FDX39,OUT018,0
FDB38,OUT049,0
FDY46,OUT018,0
NCB06,OUT049,0
FDA34,OUT035,0
FDA35,OUT045,0
FDQ07,OUT035,0
FDU32,OUT045,0
FDU26,OUT013,0
FDU13,OUT010,0
FDO09,OUT035,0
FDW03,OUT019,0
FDB38,OUT013,0
FDL26,OUT010,0
NCN43,OUT045,0
FDH08,OUT045,0
NCC31,OUT019,0
FDH14,OUT035,0
FDL40,OUT017,0
FDD20,OUT035,0
NCV53,OUT035,0
FDD16,OUT045,0
FDP24,OUT035,0
FDQ25,OUT045,0
FDM38,OUT035,0
NCT18,OUT010,0
FDM34,OUT049,0
DRH37,OUT010,0
NCE07,OUT013,0
FDG12,OUT013,0
FDB59,OUT010,0
FDS10,OUT018,0
FDN21,OUT010,0
FDM02,OUT045,0
FDO44,OUT049,0
NCN17,OUT017,0
FDH16,OUT018,0
FDL44,OUT046,0
FDY47,OUT017,0
DRI39,OUT046,0
NCX54,OUT018,0
FDE59,OUT046,0
FDO46,OUT045,0
DRE13,OUT046,0
FDW14,OUT013,0
FDF35,OUT046,0
FDO50,OUT019,0
DRF49,OUT017,0
FDT60,OUT049,0
FDP38,OUT045,0
FDA31,OUT027,0
FDY52,OUT010,0
FDD03,OUT027,0
FDN52,OUT018,0
FDU20,OUT010,0
FDD22,OUT035,0
NCB55,OUT019,0
FDN27,OUT045,0
FDD16,OUT013,0
FDW48,OUT046,0
DRN35,OUT045,0
FDX25,OUT049,0
DRD49,OUT049,0
FDE21,OUT019,0
FDN44,OUT035,0
DRC01,OUT049,0
NCK30,OUT046,0
FDU39,OUT013,0
FDB49,OUT013,0
FDS12,OUT045,0
FDR57,OUT018,0
FDX22,OUT027,0
FDC60,OUT013,0
NCE42,OUT049,0
NCK42,OUT049,0
DRE01,OUT017,0
FDE57,OUT018,0
DRK59,OUT019,0
FDB10,OUT027,0
FDQ25,OUT046,0
FDY26,OUT017,0
FDG28,OUT049,0
FDM14,OUT049,0
NCH29,OUT049,0
FDD48,OUT049,0
FDC17,OUT045,0
DRH49,OUT027,0
FDN44,OUT018,0
FDC29,OUT045,0
DRK01,OUT019,0
FDD48,OUT017,0
FDB59,OUT013,0
FDY45,OUT010,0
FDX60,OUT035,0
FDT09,OUT010,0
DRB24,OUT018,0
FDL13,OUT035,0
FDN16,OUT035,0
FDK57,OUT013,0
FDO22,OUT027,0
FDC57,OUT010,0
FDZ13,OUT027,0
FDW27,OUT013,0
FDX10,OUT049,0
FDY08,OUT018,0
FDA49,OUT017,0
FDC32,OUT018,0
FDO04,OUT035,0
NCZ54,OUT013,0
FDY40,OUT045,0
FDW36,OUT045,0
FDE11,OUT017,0
DRE37,OUT045,0
NCK19,OUT017,0
FDT19,OUT035,0
FDE56,OUT045,0
FDZ57,OUT010,0
FDB35,OUT035,0
FDF09,OUT010,0
FDO34,OUT046,0
FDA55,OUT046,0
NCM18,OUT035,0
FDJ20,OUT019,0
DRQ35,OUT019,0
FDG02,OUT013,0
NCU29,OUT018,0
FDL27,OUT027,0
NCA54,OUT035,0
FDJ32,OUT035,0
FDB21,OUT019,0
FDR46,OUT035,0
FDZ32,OUT046,0
DRF36,OUT017,0
NCU54,OUT017,0
NCI31,OUT017,0
DRA59,OUT035,0
NCC55,OUT045,0
FDE44,OUT018,0
NCN26,OUT018,0
FDC11,OUT049,0
FDV24,OUT035,0
FDR40,OUT019,0
NCQ17,OUT049,0
FDC46,OUT045,0
NCM18,OUT046,0
FDK16,OUT046,0
FDI28,OUT017,0
FDS11,OUT018,0
DRD13,OUT046,0
FDL36,OUT035,0
FDI27,OUT013,0
FDJ53,OUT019,0
FDS44,OUT045,0
FDE28,OUT046,0
FDQ33,OUT018,0
FDB37,OUT017,0
FDQ31,OUT045,0
NCQ05,OUT046,0
FDE10,OUT013,0
FDF38,OUT017,0
FDE50,OUT019,0
DRG37,OUT010,0
NCH06,OUT049,0
FDY14,OUT045,0
FDO27,OUT017,0
FDQ19,OUT049,0
FDZ26,OUT019,0
FDN51,OUT013,0
FDK20,OUT035,0
FDD40,OUT018,0
DRI25,OUT018,0
FDH56,OUT017,0
FDI36,OUT027,0
DRH11,OUT018,0
NCV18,OUT017,0
DRI01,OUT049,0
DRE48,OUT049,0
FDS51,OUT035,0
FDM38,OUT017,0
FDB60,OUT027,0
FDY58,OUT035,0
FDY22,OUT045,0
FDF11,OUT027,0
FDZ51,OUT035,0
FDQ45,OUT017,0
FDF17,OUT035,0
NCF31,OUT027,0
FDA37,OUT013,0
FDO51,OUT046,0
FDF34,OUT013,0
FDD57,OUT018,0
FDO37,OUT046,0
FDR49,OUT049,0
FDS39,OUT049,0
FDI48,OUT027,0
DRM35,OUT049,0
FDV57,OUT035,0
FDZ55,OUT013,0
FDI28,OUT035,0
FDS21,OUT045,0
FDT34,OUT013,0
DRI25,OUT035,0
FDT47,OUT010,0
DRH39,OUT045,0
NCD54,OUT045,0
FDU16,OUT027,0
NCW29,OUT045,0
FDV25,OUT027,0
FDM56,OUT035,0
FDZ04,OUT027,0
FDG59,OUT019,0
FDI56,OUT045,0
FDS33,OUT035,0
FDC23,OUT049,0
FDT11,OUT049,0
FDG17,OUT045,0
FDZ44,OUT045,0
FDJ52,OUT013,0
DRI23,OUT046,0
DRE15,OUT010,0
NCF07,OUT013,0
NCR29,OUT049,0
FDE44,OUT019,0
FDT23,OUT035,0
NCG06,OUT017,0
NCU41,OUT010,0
FDH46,OUT017,0
FDV31,OUT013,0
NCT41,OUT027,0
FDE22,OUT027,0
FDC26,OUT045,0
DRF51,OUT017,0
NCY53,OUT019,0
FDY21,OUT017,0
FDL27,OUT013,0
FDZ34,OUT049,0
NCF43,OUT010,0
FDC21,OUT035,0
FDL26,OUT013,0
FDT25,OUT010,0
NCR30,OUT046,0
DRL23,OUT019,0
NCR05,OUT049,0
NCE19,OUT018,0
FDY07,OUT035,0
FDB10,OUT017,0
FDP57,OUT013,0
FDU48,OUT019,0
FDH48,OUT035,0
FDO33,OUT035,0
NCU29,OUT045,0
FDW35,OUT046,0
FDH05,OUT010,0
FDP26,OUT049,0
DRG27,OUT035,0
FDQ33,OUT046,0
FDH20,OUT010,0
FDV14,OUT046,0
DRD01,OUT046,0
NCI17,OUT049,0
FDF39,OUT010,0
FDX37,OUT046,0
NCX17,OUT035,0
FDN03,OUT013,0
NCS41,OUT010,0
FDH34,OUT045,0
NCX53,OUT018,0
FDY31,OUT046,0
FDD20,OUT017,0
FDE51,OUT045,0
FDV27,OUT046,0
FDF16,OUT035,0
FDZ02,OUT049,0
NCK05,OUT045,0
FDM12,OUT027,0
NCA05,OUT018,0
FDX33,OUT045,0
FDM25,OUT049,0
FDE41,OUT018,0
FDW14,OUT045,0
NCD30,OUT046,0
FDB23,OUT010,0
FDF45,OUT046,0
FDW20,OUT017,0
FDF47,OUT045,0
NCR05,OUT019,0
DRB01,OUT046,0
FDE36,OUT013,0
FDU56,OUT049,0
FDB23,OUT049,0
FDN48,OUT049,0
FDS43,OUT013,0
NCN05,OUT013,0
NCL53,OUT049,0
FDL56,OUT046,0
FDH17,OUT018,0
FDP37,OUT046,0
FDG09,OUT019,0
FDA55,OUT045,0
FDX31,OUT049,0
FDJ41,OUT045,0
DRC24,OUT045,0
FDQ21,OUT035,0
NCT54,OUT045,0
FDH08,OUT049,0
FDY38,OUT018,0
DRM11,OUT010,0
FDG32,OUT049,0
NCH18,OUT046,0
FDI20,OUT035,0
FDA33,OUT018,0
FDN45,OUT013,0
FDT45,OUT010,0
FDR32,OUT035,0
FDA48,OUT017,0
FDN23,OUT017,0
NCR18,OUT035,0
FDD45,OUT046,0
FDI22,OUT018,0
FDT09,OUT013,0
DRC24,OUT027,0
FDT39,OUT046,0
FDX28,OUT045,0
FDA50,OUT018,0
FDT33,OUT027,0
FDQ60,OUT049,0
NCM19,OUT018,0
FDF40,OUT046,0
NCI30,OUT035,0
FDK34,OUT049,0
FDA38,OUT027,0
FDT02,OUT045,0
FDC11,OUT017,0
FDD08,OUT046,0
NCS29,OUT046,0
DRI03,OUT010,0
FDK48,OUT035,0
FDM52,OUT049,0
FDP49,OUT035,0
DRA24,OUT046,0
NCJ43,OUT049,0
FDE11,OUT045,0
FDP01,OUT049,0
FDQ59,OUT018,0
FDA43,OUT019,0
FDL14,OUT017,0
FDV50,OUT010,0
FDT01,OUT027,0
NCC42,OUT035,0
FDO28,OUT046,0
FDD32,OUT019,0
FDV45,OUT035,0
NCW17,OUT019,0
NCJ17,OUT027,0
NCF18,OUT049,0
FDP01,OUT045,0
FDH24,OUT045,0
FDI38,OUT027,0
FDX03,OUT035,0
FDY28,OUT046,0
FDN34,OUT018,0
FDJ02,OUT045,0
FDW40,OUT019,0
FDX03,OUT017,0
FDE17,OUT027,0
FDT58,OUT046,0
FDI38,OUT013,0
FDW22,OUT035,0
FDS15,OUT027,0
NCX06,OUT013,0
DRK47,OUT035,0
FDC23,OUT027,0
FDM56,OUT010,0
FDP21,OUT046,0
FDP58,OUT046,0
FDA27,OUT019,0
FDK41,OUT019,0
NCH42,OUT046,0
FDG29,OUT045,0
FDW15,OUT018,0
FDD28,OUT018,0
FDQ37,OUT049,0
FDC23,OUT035,0
FDV13,OUT035,0
FDK33,OUT046,0
FDO33,OUT013,0
FDN21,OUT017,0
NCW06,OUT027,0
FDI38,OUT035,0
FDC21,OUT027,0
NCS05,OUT046,0
NCN53,OUT049,0
FDV40,OUT010,0
FDG60,OUT017,0
NCY30,OUT027,0
FDM40,OUT045,0
NCO30,OUT046,0
FDK10,OUT046,0
FDM36,OUT045,0
FDN10,OUT013,0
FDM46,OUT018,0
FDX50,OUT049,0
FDP33,OUT045,0
FDO12,OUT045,0
FDC28,OUT013,0
FDO31,OUT045,0
FDX45,OUT035,0
FDV21,OUT049,0
FDH04,OUT049,0
NCG54,OUT013,0
FDO13,OUT046,0
FDA09,OUT027,0
FDC38,OUT017,0
NCO42,OUT046,0
FDL45,OUT049,0
NCK31,OUT013,0
FDM39,OUT017,0
FDC22,OUT010,0
FDF46,OUT046,0
FDQ37,OUT045,0
FDH41,OUT010,0
FDQ04,OUT046,0
NCQ02,OUT027,0
FDJ57,OUT027,0
NCE07,OUT049,0
FDE56,OUT013,0
FDI20,OUT049,0
FDK36,OUT018,0
FDP08,OUT027,0
FDF44,OUT017,0
NCU53,OUT017,0
FDF47,OUT035,0
FDS55,OUT010,0
FDZ52,OUT010,0
FDL04,OUT018,0
NCM26,OUT035,0
FDX43,OUT049,0
FDP52,OUT049,0
DRK49,OUT045,0
FDE38,OUT013,0
DRF13,OUT035,0
FDK41,OUT010,0
FDJ04,OUT027,0
FDZ44,OUT018,0
FDS11,OUT013,0
FDA55,OUT049,0
NCW53,OUT046,0
FDB49,OUT027,0
FDD23,OUT017,0
NCV42,OUT045,0
NCZ29,OUT018,0
FDQ26,OUT013,0
FDV08,OUT017,0
FDC53,OUT049,0
FDV58,OUT010,0
NCP02,OUT019,0
DRI37,OUT045,0
FDQ12,OUT049,0
FDE33,OUT046,0
FDX27,OUT045,0
FDM22,OUT017,0
NCH30,OUT019,0
FDC04,OUT017,0
FDO38,OUT046,0
FDV52,OUT027,0
FDB32,OUT013,0
FDV43,OUT018,0
FDI24,OUT018,0
FDR40,OUT017,0
FDW02,OUT049,0
FDE44,OUT049,0
FDL38,OUT046,0
NCT54,OUT010,0
DRJ39,OUT010,0
FDW55,OUT049,0
DRF13,OUT019,0
NCW17,OUT049,0
FDP13,OUT035,0
FDS08,OUT018,0
NCP17,OUT035,0
NCO53,OUT035,0
FDH19,OUT045,0
FDJ04,OUT017,0
FDG10,OUT049,0
FDA40,OUT010,0
FDI53,OUT045,0
FDU09,OUT010,0
FDK60,OUT045,0
FDR43,OUT017,0
FDW22,OUT017,0
DRP47,OUT010,0
DRG48,OUT010,0
FDA14,OUT035,0
FDU49,OUT013,0
FDK28,OUT045,0
FDT19,OUT046,0
NCQ42,OUT045,0
FDD03,OUT045,0
NCM53,OUT013,0
NCX53,OUT045,0
FDV14,OUT027,0
NCZ54,OUT017,0
FDB39,OUT013,0
DRC24,OUT046,0
FDY36,OUT013,0
FDN01,OUT035,0
DRH25,OUT046,0
FDV08,OUT046,0
NCP53,OUT049,0
FDU52,OUT010,0
NCI42,OUT045,0
FDZ14,OUT035,0
FDF11,OUT046,0
FDQ13,OUT018,0
FDO32,OUT010,0
DRJ37,OUT018,0
FDY43,OUT046,0
NCT41,OUT017,0
NCV17,OUT045,0
FDM04,OUT027,0
DRB48,OUT018,0
FDM24,OUT013,0
FDT37,OUT049,0
NCO05,OUT010,0
FDL13,OUT046,0
FDL15,OUT017,0
FDB11,OUT018,0
FDL14,OUT019,0
FDY10,OUT019,0
FDJ40,OUT049,0
NCW18,OUT046,0
NCY06,OUT013,0
DRE13,OUT018,0
FDA26,OUT045,0
NCE19,OUT010,0
FDE33,OUT035,0
DRL59,OUT027,0
FDY07,OUT046,0
FDF57,OUT018,0
FDM58,OUT035,0
FDP26,OUT027,0
FDY32,OUT046,0
FDD51,OUT010,0
FDU22,OUT018,0
FDZ49,OUT018,0
NCI42,OUT017,0
FDT04,OUT027,0
NCU41,OUT045,0
FDS56,OUT045,0
NCN42,OUT017,0
FDK34,OUT046,0
FDB03,OUT017,0
DRJ25,OUT035,0
FDT25,OUT027,0
FDN20,OUT013,0
FDP09,OUT013,0
FDM20,OUT019,0
NCG55,OUT046,0
NCP14,OUT045,0
NCH06,OUT046,0
FDV52,OUT013,0
NCL07,OUT035,0
DRJ11,OUT027,0
DRO59,OUT013,0
FDW15,OUT010,0
NCQ30,OUT035,0
NCN54,OUT019,0
FDY01,OUT027,0
FDX39,OUT035,0
FDH53,OUT027,0
FDA57,OUT035,0
NCC07,OUT010,0
FDU28,OUT013,0
FDK36,OUT010,0
FDR36,OUT018,0
NCQ17,OUT035,0
FDS28,OUT019,0
FDE08,OUT045,0
FDU22,OUT046,0
FDG41,OUT045,0
FDO31,OUT010,0
FDM21,OUT019,0
FDU40,OUT017,0
FDV36,OUT018,0
FDT10,OUT027,0
FDX38,OUT045,0
NCU30,OUT027,0
NCV06,OUT049,0
FDT16,OUT035,0
NCP41,OUT027,0
FDZ56,OUT017,0
FDC22,OUT035,0
FDU10,OUT035,0
FDS46,OUT045,0
FDO08,OUT049,0
NCV42,OUT018,0
FDP33,OUT035,0
FDJ12,OUT046,0
FDH04,OUT045,0
NCU54,OUT013,0
FDO36,OUT010,0
FDT37,OUT027,0
FDD14,OUT010,0
FDA16,OUT013,0
NCS42,OUT019,0
FDP10,OUT019,0
FDQ28,OUT049,0
FDK57,OUT010,0
FDK02,OUT013,0
FDW47,OUT018,0
NCC42,OUT018,0
FDQ37,OUT018,0
FDL40,OUT046,0
DRE13,OUT010,0
FDQ34,OUT027,0
NCB54,OUT046,0
FDS48,OUT049,0
FDO15,OUT045,0
NCT30,OUT013,0
FDU49,OUT027,0
FDE21,OUT046,0
FDS49,OUT019,0
FDT38,OUT027,0
FDZ01,OUT045,0
FDC41,OUT035,0
DRG13,OUT010,0
NCZ42,OUT018,0
NCM07,OUT045,0
NCV17,OUT018,0
DRK39,OUT035,0
FDS37,OUT018,0
FDV12,OUT019,0
NCG19,OUT018,0
FDS51,OUT013,0
NCO14,OUT046,0
FDC38,OUT046,0
FDN15,OUT046,0
NCH42,OUT013,0
FDQ22,OUT046,0
FDC05,OUT013,0
FDZ31,OUT013,0
DRJ23,OUT049,0
FDC52,OUT035,0
DRD12,OUT010,0
FDV55,OUT017,0
FDD32,OUT046,0
FDR01,OUT049,0
FDY08,OUT019,0
FDQ45,OUT045,0
DRN11,OUT027,0
NCS05,OUT018,0
FDY32,OUT035,0
NCD31,OUT045,0
NCE06,OUT049,0
NCP14,OUT046,0
NCF18,OUT019,0
FDF14,OUT018,0
FDB22,OUT017,0
NCH54,OUT049,0
FDU27,OUT035,0
FDS58,OUT027,0
NCU29,OUT035,0
FDJ57,OUT013,0
FDL56,OUT049,0
FDH60,OUT035,0
FDN24,OUT018,0
FDD02,OUT017,0
FDP15,OUT017,0
FDB28,OUT027,0
DRC49,OUT045,0
NCG30,OUT018,0
FDJ14,OUT049,0
FDL52,OUT045,0
NCG19,OUT027,0
NCN41,OUT035,0
FDW22,OUT013,0
FDI02,OUT013,0
FDV51,OUT045,0
FDV48,OUT046,0
NCL17,OUT019,0
FDP46,OUT045,0
FDU10,OUT045,0
FDT37,OUT010,0
FDI27,OUT035,0
FDN51,OUT046,0
FDW07,OUT035,0
FDN45,OUT049,0
DRN37,OUT027,0
DRF48,OUT049,0
FDP38,OUT019,0
NCX18,OUT027,0
FDK45,OUT018,0
FDZ37,OUT049,0
FDS50,OUT018,0
NCR54,OUT018,0
NCS17,OUT035,0
FDV31,OUT046,0
DRE27,OUT017,0
FDN60,OUT013,0
FDK26,OUT013,0
FDX37,OUT018,0
FDW31,OUT046,0
FDX26,OUT018,0
DRL49,OUT019,0
FDU49,OUT017,0
FDY58,OUT046,0
FDN03,OUT045,0
NCV06,OUT010,0
FDH53,OUT045,0
FDG31,OUT018,0
NCC06,OUT045,0
FDS13,OUT049,0
FDP16,OUT035,0
FDA35,OUT013,0
DRP47,OUT018,0
FDY28,OUT010,0
FDY20,OUT035,0
NCH30,OUT017,0
NCR29,OUT019,0
NCP05,OUT013,0
NCF30,OUT019,0
FDA08,OUT035,0
FDN51,OUT027,0
FDH12,OUT046,0
FDY39,OUT017,0
NCO53,OUT045,0
FDB40,OUT046,0
FDH02,OUT049,0
FDY11,OUT027,0
FDQ09,OUT019,0
FDP16,OUT013,0
NCF55,OUT018,0
FDY09,OUT027,0
FDY39,OUT045,0
NCU53,OUT049,0
NCT41,OUT049,0
FDJ45,OUT046,0
FDR28,OUT013,0
FDN08,OUT013,0
FDJ07,OUT049,0
FDZ09,OUT027,0
FDQ14,OUT017,0
FDY12,OUT027,0
FDK57,OUT046,0
FDD20,OUT049,0
FDS36,OUT018,0
FDI40,OUT049,0
FDJ40,OUT045,0
FDE08,OUT013,0
DRK01,OUT013,0
FDC58,OUT049,0
FDE50,OUT046,0
FDX48,OUT035,0
DRM35,OUT018,0
FDG41,OUT013,0
FDB52,OUT046,0
FDV19,OUT045,0
DRG48,OUT017,0
FDI26,OUT013,0
FDU11,OUT019,0
FDF59,OUT019,0
FDR07,OUT049,0
NCE06,OUT017,0
FDE10,OUT046,0
NCO55,OUT046,0
FDZ13,OUT013,0
FDT50,OUT017,0
FDH12,OUT010,0
FDD21,OUT045,0
NCM05,OUT013,0
FDK04,OUT013,0
FDN33,OUT017,0
NCM18,OUT010,0
DRC25,OUT049,0
FDT47,OUT017,0
FDD45,OUT027,0
NCD07,OUT018,0
NCY54,OUT010,0
FDL12,OUT049,0
FDL02,OUT017,0
FDC60,OUT035,0
FDR37,OUT017,0
FDY16,OUT017,0
FDU26,OUT045,0
FDN24,OUT013,0
FDH44,OUT013,0
FDE23,OUT010,0
FDW60,OUT017,0
FDQ55,OUT049,0
FDV32,OUT027,0
FDV03,OUT010,0
FDY14,OUT010,0
NCL55,OUT027,0
DRF25,OUT017,0
FDX03,OUT046,0
FDF40,OUT045,0
FDX24,OUT010,0
FDA25,OUT049,0
FDH21,OUT018,0
FDB47,OUT010,0
FDT34,OUT019,0
FDS39,OUT010,0
NCU05,OUT046,0
FDE02,OUT049,0
FDL25,OUT035,0
FDC50,OUT049,0
FDZ32,OUT049,0
FDV14,OUT045,0
FDR07,OUT045,0
FDB26,OUT049,0
NCR50,OUT045,0
FDP01,OUT018,0
FDH57,OUT045,0
FDM60,OUT027,0
FDA45,OUT017,0
FDU55,OUT017,0
FDH40,OUT035,0
FDG40,OUT019,0
FDT12,OUT049,0
DRL59,OUT045,0
FDT47,OUT018,0
FDI60,OUT017,0
DRF51,OUT027,0
NCK31,OUT049,0
FDB08,OUT045,0
FDM44,OUT035,0
FDD46,OUT018,0
FDR27,OUT019,0
FDV56,OUT010,0
FDM02,OUT049,0
FDU45,OUT018,0
FDZ10,OUT017,0
NCK31,OUT010,0
FDR27,OUT035,0
FDF33,OUT013,0
FDJ36,OUT046,0
FDP33,OUT049,0
FDG17,OUT046,0
FDG47,OUT027,0
NCW29,OUT046,0
DRH59,OUT017,0
FDR32,OUT017,0
FDP48,OUT035,0
FDG17,OUT035,0
DRJ59,OUT017,0
FDY48,OUT027,0
FDB02,OUT046,0
FDN10,OUT019,0
NCD55,OUT035,0
FDX34,OUT013,0
FDZ38,OUT045,0
DRF37,OUT049,0
DRL47,OUT019,0
FDL27,OUT035,0
NCP53,OUT035,0
FDT03,OUT019,0
FDJ28,OUT035,0
FDF40,OUT018,0
FDA32,OUT035,0
NCP02,OUT017,0
FDZ31,OUT045,0
NCQ29,OUT013,0
FDP57,OUT010,0
FDL32,OUT027,0
DRB01,OUT035,0
FDJ40,OUT046,0
FDO24,OUT018,0
FDO11,OUT018,0
FDA56,OUT035,0
FDF02,OUT045,0
FDA10,OUT013,0
NCI55,OUT017,0
FDZ40,OUT010,0
FDV08,OUT049,0
FDN48,OUT013,0
FDU57,OUT017,0
DRF49,OUT013,0
FDS02,OUT035,0
FDS43,OUT046,0
FDT16,OUT013,0
FDX19,OUT027,0
FDK15,OUT046,0
DRA12,OUT049,0
FDY35,OUT017,0
NCU42,OUT013,0
FDD26,OUT013,0
FDR11,OUT018,0
NCP53,OUT045,0
FDP34,OUT045,0
NCV41,OUT019,0
FDN20,OUT018,0
FDZ16,OUT018,0
FDZ28,OUT049,0
NCL55,OUT013,0
NCJ17,OUT046,0
FDT37,OUT046,0
FDV51,OUT049,0
FDZ28,OUT035,0
FDN27,OUT013,0
FDS14,OUT019,0
FDZ58,OUT045,0
FDD46,OUT046,0
FDJ03,OUT035,0
FDU03,OUT010,0
FDA33,OUT027,0
NCW53,OUT035,0
NCC55,OUT017,0
FDP52,OUT019,0
FDE39,OUT049,0
FDB44,OUT035,0
FDG59,OUT013,0
FDI05,OUT013,0
FDF59,OUT045,0
FDM39,OUT019,0
FDB14,OUT013,0
NCS05,OUT019,0
DRJ35,OUT045,0
FDO31,OUT019,0
FDA31,OUT046,0
FDX40,OUT049,0
FDW56,OUT045,0
FDH09,OUT018,0
FDA52,OUT019,0
FDF20,OUT019,0
FDE40,OUT046,0
NCU17,OUT046,0
NCP14,OUT035,0
FDN25,OUT027,0
FDU39,OUT049,0
NCM05,OUT017,0
FDU07,OUT017,0
FDF28,OUT049,0
FDR57,OUT049,0
FDJ33,OUT013,0
DRH23,OUT035,0
FDQ52,OUT046,0
DRK13,OUT035,0
FDP09,OUT046,0
FDR08,OUT027,0
FDV50,OUT045,0
FDT13,OUT049,0
FDJ27,OUT027,0
FDH21,OUT046,0
FDW14,OUT027,0
FDL52,OUT049,0
FDW28,OUT017,0
FDL40,OUT049,0
FDE24,OUT046,0
FDX35,OUT049,0
FDP46,OUT017,0
FDX56,OUT045,0
FDQ45,OUT049,0
FDK50,OUT027,0
FDY26,OUT045,0
FDQ09,OUT017,0
FDN39,OUT049,0
FDP13,OUT017,0
FDR51,OUT013,0
FDZ49,OUT010,0
FDL28,OUT018,0
FDZ10,OUT035,0
FDK38,OUT013,0
DRL49,OUT027,0
FDR15,OUT013,0
FDQ24,OUT035,0
FDD56,OUT013,0
NCR42,OUT046,0
FDH52,OUT045,0
FDH57,OUT019,0
FDR15,OUT010,0
FDJ34,OUT035,0
FDW37,OUT035,0
FDQ23,OUT018,0
FDP34,OUT013,0
FDE04,OUT027,0
FDC48,OUT045,0
FDA47,OUT019,0
FDI35,OUT018,0
NCV05,OUT013,0
FDR28,OUT045,0
FDH31,OUT017,0
FDP59,OUT019,0
FDS19,OUT018,0
FDM60,OUT045,0
FDJ44,OUT018,0
DRH51,OUT017,0
DRC25,OUT017,0
DRE25,OUT013,0
NCX05,OUT049,0
FDR11,OUT017,0
DRP47,OUT045,0
DRC49,OUT019,0
FDQ47,OUT027,0
FDL20,OUT013,0
FDM34,OUT035,0
NCN55,OUT013,0
FDD41,OUT035,0
FDE52,OUT049,0
NCT18,OUT019,0
FDJ32,OUT018,0
FDE16,OUT046,0
FDZ09,OUT045,0
DRZ11,OUT046,0
FDK41,OUT049,0
FDE56,OUT049,0
FDH34,OUT013,0
DRI49,OUT013,0
DRI59,OUT046,0
DRC36,OUT049,0
FDS15,OUT019,0
FDI07,OUT018,0
FDZ15,OUT018,0
NCX41,OUT027,0
NCO29,OUT019,0
FDF57,OUT013,0
FDI33,OUT035,0
DRJ47,OUT049,0
FDB34,OUT046,0
FDY22,OUT027,0
DRL11,OUT017,0
FDY46,OUT035,0
FDG17,OUT013,0
FDE52,OUT018,0
DRP47,OUT027,0
FDO01,OUT010,0
FDL09,OUT046,0
FDR57,OUT013,0
DRD37,OUT035,0
FDQ36,OUT027,0
FDL33,OUT049,0
FDL48,OUT045,0
FDL28,OUT049,0
NCN29,OUT046,0
FDO13,OUT035,0
FDB38,OUT045,0
FDI36,OUT035,0
FDI58,OUT035,0
FDH22,OUT018,0
FDQ27,OUT013,0
FDT33,OUT046,0
FDC56,OUT045,0
FDF14,OUT046,0
FDQ39,OUT017,0
NCM43,OUT017,0
FDS46,OUT035,0
FDI22,OUT049,0
NCE43,OUT045,0
FDZ36,OUT010,0
FDR13,OUT019,0
FDP46,OUT018,0
FDW56,OUT019,0
FDB40,OUT017,0
FDM28,OUT018,0
FDV49,OUT013,0
NCS53,OUT018,0
FDO03,OUT049,0
FDT15,OUT035,0
FDD33,OUT049,0
FDX13,OUT017,0
FDH60,OUT013,0
DRH51,OUT046,0
NCL07,OUT049,0
FDW51,OUT045,0
FDF21,OUT019,0
FDH26,OUT019,0
FDJ03,OUT049,0
FDU35,OUT017,0
DRL01,OUT018,0
FDE59,OUT045,0
FDI60,OUT035,0
DRH39,OUT035,0
FDK36,OUT049,0
FDN52,OUT045,0
FDU12,OUT017,0
NCT05,OUT027,0
FDS37,OUT027,0
FDK24,OUT017,0
DRF36,OUT013,0
FDN46,OUT010,0
NCN06,OUT045,0
FDD59,OUT035,0
FDM14,OUT045,0
FDO10,OUT018,0
FDU35,OUT013,0
NCA30,OUT018,0
NCO41,OUT049,0
FDI24,OUT046,0
FDZ16,OUT046,0
FDV47,OUT046,0
FDV16,OUT045,0
FDZ22,OUT035,0
FDO20,OUT010,0
FDW38,OUT013,0
FDW52,OUT045,0
FDT43,OUT019,0
NCS29,OUT045,0
NCC31,OUT017,0
FDA21,OUT017,0
FDQ55,OUT046,0
NCE54,OUT049,0
FDD45,OUT017,0
NCP17,OUT017,0
FDR47,OUT035,0
DRM35,OUT013,0
FDR47,OUT019,0
FDX19,OUT010,0
FDV22,OUT027,0
FDQ46,OUT027,0
DRO47,OUT045,0
FDB44,OUT010,0
FDN02,OUT010,0
FDW10,OUT045,0
FDJ41,OUT019,0
FDM50,OUT046,0
FDW10,OUT035,0
FDY48,OUT049,0
NCE30,OUT027,0
FDO04,OUT045,0
FDQ26,OUT010,0
NCX29,OUT018,0
FDE39,OUT046,0
NCR54,OUT027,0
NCP55,OUT027,0
FDX22,OUT017,0
FDI05,OUT035,0
FDC51,OUT027,0
FDC10,OUT013,0
FDJ46,OUT045,0
FDV10,OUT010,0
FDX12,OUT027,0
FDL43,OUT019,0
DRB13,OUT046,0
FDF59,OUT027,0
FDT35,OUT049,0
NCJ19,OUT035,0
FDT35,OUT018,0
FDI48,OUT046,0
DRC24,OUT019,0
NCZ05,OUT017,0
FDJ57,OUT049,0
FDX11,OUT017,0
FDE09,OUT035,0
NCK06,OUT049,0
DRE37,OUT017,0
FDV56,OUT046,0
FDY43,OUT017,0
FDV35,OUT013,0
FDF05,OUT019,0
FDA36,OUT035,0
FDS13,OUT027,0
FDU47,OUT013,0
FDI36,OUT010,0
FDH48,OUT046,0
FDZ14,OUT013,0
FDS46,OUT013,0
FDE21,OUT017,0
FDA26,OUT049,0
FDV12,OUT046,0
FDL46,OUT019,0
FDN57,OUT013,0
NCJ18,OUT017,0
FDO36,OUT045,0
FDX55,OUT018,0
FDT25,OUT019,0
FDD16,OUT049,0
NCX18,OUT013,0
NCG55,OUT018,0
NCV18,OUT049,0
NCS18,OUT035,0
FDC37,OUT045,0
FDE47,OUT046,0
DRG49,OUT019,0
FDC39,OUT049,0
FDH24,OUT019,0
FDV39,OUT027,0
NCL17,OUT045,0
NCY53,OUT035,0
FDH52,OUT013,0
NCD19,OUT018,0
FDI44,OUT046,0
DRD49,OUT027,0
FDN08,OUT035,0
FDO20,OUT027,0
FDY02,OUT046,0
FDX23,OUT045,0
FDX01,OUT017,0
FDH20,OUT027,0
NCX41,OUT017,0
FDD21,OUT027,0
DRH11,OUT019,0
DRE60,OUT018,0
FDB10,OUT013,0
FDH38,OUT013,0
NCL07,OUT018,0
FDD48,OUT046,0
NCT54,OUT027,0
FDF32,OUT027,0
DRH51,OUT045,0
DRG03,OUT035,0
NCY42,OUT019,0
FDH32,OUT017,0
NCJ06,OUT027,0
FDH47,OUT027,0
FDZ08,OUT018,0
FDK16,OUT017,0
DRG01,OUT018,0
NCM53,OUT027,0
NCB07,OUT035,0
NCZ06,OUT035,0
FDU48,OUT049,0
NCB55,OUT027,0
FDP15,OUT013,0
FDF17,OUT046,0
NCN06,OUT049,0
DRM48,OUT018,0
FDH10,OUT046,0
FDC60,OUT018,0
FDE35,OUT018,0
DRI23,OUT013,0
NCR38,OUT013,0
FDP04,OUT035,0
NCW17,OUT045,0
FDX34,OUT017,0
NCK53,OUT045,0
NCO54,OUT010,0
NCH55,OUT046,0
FDT44,OUT027,0
DRG49,OUT046,0
FDX46,OUT010,0
DRG36,OUT049,0
FDU37,OUT049,0
FDK10,OUT049,0
DRF37,OUT027,0
FDC44,OUT035,0
FDP15,OUT046,0
FDZ27,OUT027,0
FDY22,OUT019,0
DRG51,OUT035,0
FDN58,OUT045,0
FDW01,OUT049,0
FDX24,OUT018,0
FDO51,OUT017,0
FDJ52,OUT027,0
NCY06,OUT010,0
FDE20,OUT018,0
FDT23,OUT010,0
FDQ51,OUT046,0
FDE35,OUT046,0
FDB46,OUT013,0
NCG19,OUT035,0
NCL06,OUT018,0
FDT36,OUT019,0
FDC56,OUT049,0
FDJ26,OUT049,0
FDZ59,OUT017,0
FDV11,OUT027,0
FDR13,OUT010,0
FDI15,OUT018,0
FDF47,OUT018,0
NCB54,OUT019,0
NCK19,OUT027,0
FDX16,OUT017,0
FDL50,OUT045,0
NCE31,OUT035,0
DRJ01,OUT049,0
FDE22,OUT013,0
FDY20,OUT019,0
NCO14,OUT045,0
NCR50,OUT017,0
DRM47,OUT017,0
FDO27,OUT010,0
FDJ20,OUT027,0
NCX17,OUT013,0
FDG59,OUT049,0
FDD52,OUT045,0
FDO48,OUT017,0
FDC59,OUT019,0
FDS15,OUT018,0
FDB47,OUT035,0
FDV14,OUT019,0
FDB27,OUT013,0
FDA35,OUT035,0
FDN51,OUT018,0
FDO39,OUT019,0
FDB28,OUT049,0
DRJ25,OUT046,0
FDH46,OUT027,0
FDI10,OUT045,0
FDU21,OUT018,0
FDD09,OUT049,0
FDD10,OUT046,0
FDN31,OUT010,0
FDA46,OUT018,0
FDM56,OUT046,0
FDF11,OUT010,0
FDS32,OUT018,0
NCM06,OUT013,0
FDZ26,OUT045,0
FDO01,OUT013,0
FDJ46,OUT049,0
FDG26,OUT019,0
FDZ38,OUT035,0
NCO55,OUT013,0
FDT60,OUT035,0
FDW37,OUT049,0
NCK42,OUT018,0
FDA45,OUT046,0
FDW55,OUT018,0
FDY44,OUT017,0
FDQ31,OUT017,0
FDM09,OUT049,0
FDH12,OUT018,0
NCQ43,OUT035,0
FDT33,OUT035,0
NCT41,OUT018,0
DRJ25,OUT010,0
NCQ41,OUT046,0
NCN17,OUT049,0
DRO35,OUT027,0
FDU27,OUT018,0
FDY43,OUT027,0
FDG46,OUT035,0
DRL49,OUT018,0
NCB55,OUT049,0
FDK28,OUT049,0
FDO49,OUT045,0
FDT03,OUT013,0
FDW33,OUT027,0
FDR02,OUT035,0
FDF50,OUT013,0
FDA40,OUT018,0
NCT53,OUT018,0
FDY60,OUT035,0
FDP44,OUT027,0
NCQ50,OUT045,0
NCC30,OUT017,0
FDQ60,OUT018,0
FDG41,OUT046,0
FDQ03,OUT046,0
FDM03,OUT045,0
FDZ51,OUT018,0
DRF51,OUT035,0
FDF39,OUT017,0
FDW52,OUT035,0
FDY22,OUT049,0
FDG14,OUT013,0
FDA57,OUT017,0
FDL45,OUT019,0
FDX28,OUT046,0
NCQ54,OUT013,0
FDH40,OUT045,0
FDU52,OUT035,0
FDT60,OUT010,0
FDK08,OUT045,0
FDN04,OUT049,0
FDE50,OUT013,0
FDI16,OUT049,0
FDM50,OUT049,0
NCV30,OUT049,0
FDT44,OUT013,0
FDY60,OUT013,0
FDT56,OUT017,0
FDV58,OUT018,0
FDU04,OUT013,0
NCN05,OUT027,0
FDI53,OUT018,0
FDD34,OUT046,0
FDW47,OUT027,0
FDT51,OUT027,0
FDO27,OUT013,0
NCQ18,OUT018,0
NCW05,OUT013,0
FDI15,OUT010,0
NCH43,OUT010,0
FDT40,OUT049,0
NCG19,OUT017,0
NCM30,OUT035,0
FDB38,OUT017,0
FDB22,OUT046,0
FDC58,OUT046,0
NCI29,OUT013,0
FDA23,OUT010,0
DRG48,OUT013,0
FDV21,OUT013,0
NCG18,OUT019,0
FDG40,OUT045,0
FDU24,OUT018,0
FDA22,OUT049,0
FDY35,OUT046,0
FDJ15,OUT045,0
NCW18,OUT018,0
FDK56,OUT018,0
FDF44,OUT046,0
FDP51,OUT049,0
FDU22,OUT027,0
FDM28,OUT017,0
NCL42,OUT046,0
FDJ15,OUT019,0
FDI32,OUT018,0
DRL11,OUT046,0
DRO59,OUT018,0
FDA07,OUT019,0
NCO53,OUT013,0
FDO21,OUT045,0
FDW39,OUT045,0
NCV17,OUT013,0
FDE22,OUT046,0
NCB06,OUT018,0
DRF48,OUT017,0
FDB05,OUT013,0
FDP28,OUT027,0
FDP23,OUT046,0
NCS41,OUT018,0
FDS40,OUT018,0
FDA16,OUT017,0
FDN20,OUT035,0
FDF04,OUT027,0
DRG36,OUT018,0
FDW16,OUT018,0
FDU09,OUT017,0
FDW01,OUT046,0
FDB15,OUT045,0
NCJ17,OUT049,0
NCT18,OUT018,0
FDG16,OUT018,0
FDP27,OUT017,0
FDQ44,OUT027,0
FDL50,OUT027,0
FDW57,OUT027,0
FDS34,OUT013,0
NCV30,OUT035,0
FDD26,OUT018,0
FDA03,OUT045,0
FDS27,OUT018,0
FDM12,OUT013,0
NCV42,OUT027,0
NCS41,OUT046,0
FDN56,OUT018,0
DRK59,OUT046,0
NCG18,OUT046,0
NCN26,OUT017,0
FDI60,OUT027,0
NCI43,OUT049,0
NCL17,OUT049,0
FDQ19,OUT019,0
FDY43,OUT049,0
FDR36,OUT049,0
FDJ58,OUT049,0
DRY23,OUT045,0
FDK26,OUT027,0
DRH03,OUT045,0
FDC10,OUT010,0
FDD23,OUT013,0
FDP32,OUT045,0
FDO31,OUT035,0
FDQ57,OUT013,0
FDX32,OUT027,0
FDC39,OUT027,0
FDU55,OUT046,0
FDL45,OUT013,0
DRK37,OUT049,0
FDK22,OUT013,0
DRG37,OUT027,0
FDK22,OUT017,0
DRH36,OUT018,0
DRC36,OUT018,0
DRE03,OUT027,0
FDF34,OUT046,0
FDZ22,OUT046,0
FDC44,OUT010,0
FDN31,OUT027,0
FDO03,OUT017,0
FDA01,OUT049,0
NCH42,OUT049,0
FDF46,OUT018,0
DRL35,OUT046,0
FDW46,OUT049,0
FDB58,OUT046,0
FDD47,OUT018,0
NCO17,OUT045,0
FDJ26,OUT017,0
FDU37,OUT045,0
